year,month,province,tmin
2024,1,Amnat Charoen,18.435220125786167
2024,2,Amnat Charoen,21.16163522012579
2024,3,Amnat Charoen,23.831446540880503
2024,4,Amnat Charoen,28.702515723270444
2024,5,Amnat Charoen,25.87358490566038
2024,6,Amnat Charoen,25.26037735849057
2024,7,Amnat Charoen,24.136477987421387
2024,8,Amnat Charoen,24.95660377358491
2024,9,Amnat Charoen,24.225786163522017
2024,10,Amnat Charoen,22.66729559748428
2024,11,Amnat Charoen,20.44842767295598
2024,12,Amnat Charoen,17.536477987421385
2024,1,Ang Thong,21.66136363636364
2024,2,Ang Thong,23.13636363636364
2024,3,Ang Thong,24.40909090909092
2024,4,Ang Thong,27.068181818181817
2024,5,Ang Thong,25.59545454545455
2024,6,Ang Thong,25.518181818181823
2024,7,Ang Thong,24.43863636363637
2024,8,Ang Thong,24.906818181818185
2024,9,Ang Thong,24.76136363636364
2024,10,Ang Thong,24.87954545454545
2024,11,Ang Thong,23.80454545454546
2024,12,Ang Thong,20.756818181818183
2024,1,Bangkok,23.3
2024,2,Bangkok,24.44210526315789
2024,3,Bangkok,25.80263157894737
2024,4,Bangkok,27.56578947368421
2024,5,Bangkok,26.26578947368421
2024,6,Bangkok,26.167105263157897
2024,7,Bangkok,25.313157894736843
2024,8,Bangkok,25.867105263157896
2024,9,Bangkok,25.178947368421053
2024,10,Bangkok,25.178947368421053
2024,11,Bangkok,24.76710526315789
2024,12,Bangkok,22.43026315789474
2024,1,Bueng Kan,15.556410256410258
2024,2,Bueng Kan,18.258461538461543
2024,3,Bueng Kan,20.11794871794872
2024,4,Bueng Kan,25.47435897435897
2024,5,Bueng Kan,25.27641025641026
2024,6,Bueng Kan,25.69794871794872
2024,7,Bueng Kan,25.690769230769234
2024,8,Bueng Kan,25.278974358974363
2024,9,Bueng Kan,23.8097435897436
2024,10,Bueng Kan,21.684615384615388
2024,11,Bueng Kan,18.57589743589744
2024,12,Bueng Kan,14.843076923076923
2024,1,Buri Ram,18.978099173553723
2024,2,Buri Ram,21.972933884297525
2024,3,Buri Ram,23.62334710743802
2024,4,Buri Ram,27.44917355371901
2024,5,Buri Ram,25.445867768595043
2024,6,Buri Ram,25.10289256198348
2024,7,Buri Ram,23.728099173553723
2024,8,Buri Ram,24.720247933884306
2024,9,Buri Ram,24.13657024793389
2024,10,Buri Ram,23.3603305785124
2024,11,Buri Ram,21.373140495867773
2024,12,Buri Ram,18.32252066115703
2024,1,Chachoengsao,22.498800000000003
2024,2,Chachoengsao,24.222800000000003
2024,3,Chachoengsao,25.07520000000001
2024,4,Chachoengsao,27.649600000000003
2024,5,Chachoengsao,26.105600000000003
2024,6,Chachoengsao,26.154400000000003
2024,7,Chachoengsao,25.028
2024,8,Chachoengsao,25.533200000000004
2024,9,Chachoengsao,24.8344
2024,10,Chachoengsao,24.4884
2024,11,Chachoengsao,23.309600000000003
2024,12,Chachoengsao,21.180000000000003
2024,1,Chai Nat,21.12881355932204
2024,2,Chai Nat,23.07796610169492
2024,3,Chai Nat,25.29406779661017
2024,4,Chai Nat,28.242372881355934
2024,5,Chai Nat,25.83474576271187
2024,6,Chai Nat,25.10254237288136
2024,7,Chai Nat,24.23305084745763
2024,8,Chai Nat,24.91610169491526
2024,9,Chai Nat,24.570338983050853
2024,10,Chai Nat,24.85847457627119
2024,11,Chai Nat,23.2864406779661
2024,12,Chai Nat,20.81779661016949
2024,1,Chaiyaphum,17.496422764227646
2024,2,Chaiyaphum,20.19121951219513
2024,3,Chaiyaphum,21.97235772357724
2024,4,Chaiyaphum,25.496097560975613
2024,5,Chaiyaphum,24.233008130081306
2024,6,Chaiyaphum,24.334634146341465
2024,7,Chaiyaphum,23.1959349593496
2024,8,Chaiyaphum,23.96829268292684
2024,9,Chaiyaphum,23.32959349593496
2024,10,Chaiyaphum,22.478373983739843
2024,11,Chaiyaphum,19.99560975609756
2024,12,Chaiyaphum,17.01056910569106
2024,1,Chanthaburi,21.726910299003325
2024,2,Chanthaburi,23.29069767441861
2024,3,Chanthaburi,24.23654485049834
2024,4,Chanthaburi,26.58172757475084
2024,5,Chanthaburi,25.48438538205981
2024,6,Chanthaburi,25.010299003322263
2024,7,Chanthaburi,24.258139534883725
2024,8,Chanthaburi,24.698338870431897
2024,9,Chanthaburi,24.140863787375416
2024,10,Chanthaburi,23.47308970099668
2024,11,Chanthaburi,22.730232558139537
2024,12,Chanthaburi,21.040199335548174
2024,1,Chiang Mai,13.425022914757106
2024,2,Chiang Mai,14.550045829514213
2024,3,Chiang Mai,18.16764436296976
2024,4,Chiang Mai,22.83263061411549
2024,5,Chiang Mai,22.57506874427132
2024,6,Chiang Mai,21.79844179651696
2024,7,Chiang Mai,21.67580201649863
2024,8,Chiang Mai,21.369752520623283
2024,9,Chiang Mai,21.33235563703025
2024,10,Chiang Mai,20.845921173235563
2024,11,Chiang Mai,17.24683776351971
2024,12,Chiang Mai,15.50229147571036
2024,1,Chiang Rai,14.589003436426118
2024,2,Chiang Rai,15.214432989690724
2024,3,Chiang Rai,18.77113402061856
2024,4,Chiang Rai,23.43505154639176
2024,5,Chiang Rai,23.389347079037805
2024,6,Chiang Rai,23.247766323024056
2024,7,Chiang Rai,23.28694158075601
2024,8,Chiang Rai,22.40670103092784
2024,9,Chiang Rai,22.48883161512028
2024,10,Chiang Rai,21.579896907216497
2024,11,Chiang Rai,17.892783505154643
2024,12,Chiang Rai,16.12766323024055
2024,1,Chon Buri,23.624761904761908
2024,2,Chon Buri,24.74952380952381
2024,3,Chon Buri,25.74857142857143
2024,4,Chon Buri,27.863333333333337
2024,5,Chon Buri,26.652380952380955
2024,6,Chon Buri,26.730476190476192
2024,7,Chon Buri,25.38476190476191
2024,8,Chon Buri,25.805238095238096
2024,9,Chon Buri,25.030000000000005
2024,10,Chon Buri,24.490952380952383
2024,11,Chon Buri,23.590952380952384
2024,12,Chon Buri,21.973333333333336
2024,1,Chumphon,23.11398601398601
2024,2,Chumphon,23.10909090909092
2024,3,Chumphon,24.130419580419584
2024,4,Chumphon,25.67272727272728
2024,5,Chumphon,25.42342657342658
2024,6,Chumphon,24.31328671328672
2024,7,Chumphon,23.80664335664336
2024,8,Chumphon,24.165384615384617
2024,9,Chumphon,23.49685314685315
2024,10,Chumphon,23.875174825174827
2024,11,Chumphon,23.57272727272728
2024,12,Chumphon,22.35839160839161
2024,1,Kalasin,17.94761904761905
2024,2,Kalasin,20.66428571428572
2024,3,Kalasin,22.49970238095238
2024,4,Kalasin,27.51428571428572
2024,5,Kalasin,25.63303571428572
2024,6,Kalasin,25.64136904761905
2024,7,Kalasin,24.655059523809523
2024,8,Kalasin,25.124404761904763
2024,9,Kalasin,24.309226190476192
2024,10,Kalasin,23.02886904761905
2024,11,Kalasin,20.21071428571429
2024,12,Kalasin,17.161309523809525
2024,1,Kamphaeng Phet,18.87875894988068
2024,2,Kamphaeng Phet,20.98042959427208
2024,3,Kamphaeng Phet,23.764916467780434
2024,4,Kamphaeng Phet,26.8164677804296
2024,5,Kamphaeng Phet,25.261813842482105
2024,6,Kamphaeng Phet,24.37804295942721
2024,7,Kamphaeng Phet,24.074701670644394
2024,8,Kamphaeng Phet,24.25178997613365
2024,9,Kamphaeng Phet,24.00334128878282
2024,10,Kamphaeng Phet,23.68400954653938
2024,11,Kamphaeng Phet,21.381384248210026
2024,12,Kamphaeng Phet,19.22983293556086
2024,1,Kanchanaburi,19.25048025613661
2024,2,Kanchanaburi,20.48100320170758
2024,3,Kanchanaburi,23.115048025613664
2024,4,Kanchanaburi,25.58537886873
2024,5,Kanchanaburi,24.861152614727857
2024,6,Kanchanaburi,23.56947705442904
2024,7,Kanchanaburi,23.07876200640342
2024,8,Kanchanaburi,23.621878335112065
2024,9,Kanchanaburi,23.279402347918893
2024,10,Kanchanaburi,23.251654215581645
2024,11,Kanchanaburi,21.321985058697976
2024,12,Kanchanaburi,19.24044823906084
2024,1,Khon Kaen,17.884615384615387
2024,2,Khon Kaen,20.75692307692308
2024,3,Khon Kaen,22.80115384615385
2024,4,Khon Kaen,27.11884615384616
2024,5,Khon Kaen,25.22346153846154
2024,6,Khon Kaen,25.36519230769231
2024,7,Khon Kaen,23.81326923076924
2024,8,Khon Kaen,24.649230769230773
2024,9,Khon Kaen,24.110000000000007
2024,10,Khon Kaen,22.96692307692308
2024,11,Khon Kaen,20.43288461538462
2024,12,Khon Kaen,17.24942307692308
2024,1,Krabi,24.321276595744685
2024,2,Krabi,24.161702127659577
2024,3,Krabi,24.81106382978724
2024,4,Krabi,26.325106382978724
2024,5,Krabi,26.23531914893617
2024,6,Krabi,25.19702127659575
2024,7,Krabi,24.5736170212766
2024,8,Krabi,24.520851063829788
2024,9,Krabi,23.98212765957448
2024,10,Krabi,24.137021276595743
2024,11,Krabi,23.88425531914894
2024,12,Krabi,23.674468085106387
2024,1,Lampang,15.302936378466562
2024,2,Lampang,16.3747145187602
2024,3,Lampang,20.1141924959217
2024,4,Lampang,24.55693311582382
2024,5,Lampang,23.761011419249595
2024,6,Lampang,23.37161500815661
2024,7,Lampang,23.219902120717784
2024,8,Lampang,23.02463295269168
2024,9,Lampang,22.67667210440457
2024,10,Lampang,22.14828711256117
2024,11,Lampang,18.8536704730832
2024,12,Lampang,16.346492659053837
2024,1,Lamphun,14.789592760180998
2024,2,Lamphun,15.428959276018102
2024,3,Lamphun,19.356108597285072
2024,4,Lamphun,24.31085972850679
2024,5,Lamphun,23.45565610859729
2024,6,Lamphun,22.616742081447963
2024,7,Lamphun,22.533031674208143
2024,8,Lamphun,22.24072398190045
2024,9,Lamphun,22.100452488687782
2024,10,Lamphun,21.87873303167421
2024,11,Lamphun,18.587330316742086
2024,12,Lamphun,16.349321266968328
2024,1,Loei,15.086180422264878
2024,2,Loei,17.260076775431866
2024,3,Loei,19.734740882917468
2024,4,Loei,24.22552783109405
2024,5,Loei,23.26506717850288
2024,6,Loei,23.60019193857965
2024,7,Loei,22.70153550863724
2024,8,Loei,23.09251439539348
2024,9,Loei,22.460844529750485
2024,10,Loei,21.310172744721694
2024,11,Loei,17.964299424184265
2024,12,Loei,14.598464491362764
2024,1,Lop Buri,20.39056603773585
2024,2,Lop Buri,22.823270440251576
2024,3,Lop Buri,24.80314465408805
2024,4,Lop Buri,27.332075471698115
2024,5,Lop Buri,25.63616352201258
2024,6,Lop Buri,25.38207547169812
2024,7,Lop Buri,24.1685534591195
2024,8,Lop Buri,24.7874213836478
2024,9,Lop Buri,24.1622641509434
2024,10,Lop Buri,24.03207547169812
2024,11,Lop Buri,22.16761006289309
2024,12,Lop Buri,19.823270440251576
2024,1,Mae Hong Son,13.445483359746438
2024,2,Mae Hong Son,14.874167987321716
2024,3,Mae Hong Son,18.419651347068147
2024,4,Mae Hong Son,23.27068145800317
2024,5,Mae Hong Son,23.22773375594296
2024,6,Mae Hong Son,22.054516640253567
2024,7,Mae Hong Son,21.73961965134708
2024,8,Mae Hong Son,21.594453248811416
2024,9,Mae Hong Son,21.368779714738515
2024,10,Mae Hong Son,21.053248811410462
2024,11,Mae Hong Son,17.704595879556262
2024,12,Mae Hong Son,16.06909667194929
2024,1,Maha Sarakham,18.62610294117648
2024,2,Maha Sarakham,21.572058823529414
2024,3,Maha Sarakham,23.51838235294118
2024,4,Maha Sarakham,28.202941176470592
2024,5,Maha Sarakham,25.95992647058824
2024,6,Maha Sarakham,25.933823529411768
2024,7,Maha Sarakham,24.462867647058825
2024,8,Maha Sarakham,25.31580882352941
2024,9,Maha Sarakham,24.554044117647063
2024,10,Maha Sarakham,23.40330882352941
2024,11,Maha Sarakham,20.96580882352941
2024,12,Maha Sarakham,17.960661764705886
2024,1,Mukdahan,16.92437810945274
2024,2,Mukdahan,20.27462686567165
2024,3,Mukdahan,22.50746268656717
2024,4,Mukdahan,27.93084577114428
2024,5,Mukdahan,25.38308457711443
2024,6,Mukdahan,24.832835820895525
2024,7,Mukdahan,24.12587064676617
2024,8,Mukdahan,24.690049751243784
2024,9,Mukdahan,23.881592039801
2024,10,Mukdahan,22.013930348258707
2024,11,Mukdahan,19.13134328358209
2024,12,Mukdahan,15.800497512437811
2024,1,Nakhon Nayok,20.77169811320755
2024,2,Nakhon Nayok,22.226415094339625
2024,3,Nakhon Nayok,23.319811320754724
2024,4,Nakhon Nayok,26.00754716981132
2024,5,Nakhon Nayok,24.98490566037736
2024,6,Nakhon Nayok,24.96981132075472
2024,7,Nakhon Nayok,24.149056603773587
2024,8,Nakhon Nayok,24.910377358490567
2024,9,Nakhon Nayok,24.039622641509435
2024,10,Nakhon Nayok,23.82735849056604
2024,11,Nakhon Nayok,22.43490566037736
2024,12,Nakhon Nayok,20.02830188679245
2024,1,Nakhon Pathom,21.95196078431373
2024,2,Nakhon Pathom,23.164705882352944
2024,3,Nakhon Pathom,24.694117647058825
2024,4,Nakhon Pathom,26.632352941176475
2024,5,Nakhon Pathom,25.63529411764706
2024,6,Nakhon Pathom,25.387254901960787
2024,7,Nakhon Pathom,24.54607843137256
2024,8,Nakhon Pathom,25.17450980392157
2024,9,Nakhon Pathom,24.74117647058824
2024,10,Nakhon Pathom,24.76666666666667
2024,11,Nakhon Pathom,24.238235294117647
2024,12,Nakhon Pathom,21.8529411764706
2024,1,Nakhon Phanom,16.625000000000004
2024,2,Nakhon Phanom,19.83043478260869
2024,3,Nakhon Phanom,21.68804347826088
2024,4,Nakhon Phanom,27.18079710144928
2024,5,Nakhon Phanom,25.91847826086957
2024,6,Nakhon Phanom,25.5554347826087
2024,7,Nakhon Phanom,25.2108695652174
2024,8,Nakhon Phanom,25.272101449275365
2024,9,Nakhon Phanom,24.134420289855075
2024,10,Nakhon Phanom,21.8786231884058
2024,11,Nakhon Phanom,19.15579710144928
2024,12,Nakhon Phanom,15.775000000000002
2024,1,Nakhon Ratchasima,18.75004965243297
2024,2,Nakhon Ratchasima,21.589473684210528
2024,3,Nakhon Ratchasima,23.196822244289976
2024,4,Nakhon Ratchasima,26.61439920556108
2024,5,Nakhon Ratchasima,24.837735849056607
2024,6,Nakhon Ratchasima,24.67398212512413
2024,7,Nakhon Ratchasima,23.392353525322743
2024,8,Nakhon Ratchasima,24.32601787487588
2024,9,Nakhon Ratchasima,23.757000993048663
2024,10,Nakhon Ratchasima,23.12095332671301
2024,11,Nakhon Ratchasima,21.26494538232373
2024,12,Nakhon Ratchasima,18.215590863952336
2024,1,Nakhon Sawan,20.30346320346321
2024,2,Nakhon Sawan,22.676839826839828
2024,3,Nakhon Sawan,24.83896103896104
2024,4,Nakhon Sawan,27.69545454545455
2024,5,Nakhon Sawan,25.70649350649351
2024,6,Nakhon Sawan,25.1487012987013
2024,7,Nakhon Sawan,24.329437229437232
2024,8,Nakhon Sawan,24.769696969696973
2024,9,Nakhon Sawan,24.401731601731605
2024,10,Nakhon Sawan,24.31558441558441
2024,11,Nakhon Sawan,22.31515151515152
2024,12,Nakhon Sawan,20.35
2024,1,Nakhon Si Thammarat,23.984468085106386
2024,2,Nakhon Si Thammarat,23.72489361702128
2024,3,Nakhon Si Thammarat,24.267872340425534
2024,4,Nakhon Si Thammarat,25.92531914893617
2024,5,Nakhon Si Thammarat,25.48978723404256
2024,6,Nakhon Si Thammarat,24.63553191489362
2024,7,Nakhon Si Thammarat,23.78702127659575
2024,8,Nakhon Si Thammarat,23.84212765957447
2024,9,Nakhon Si Thammarat,23.41765957446809
2024,10,Nakhon Si Thammarat,23.88
2024,11,Nakhon Si Thammarat,23.775106382978727
2024,12,Nakhon Si Thammarat,23.67148936170213
2024,1,Nan,14.44137353433836
2024,2,Nan,15.397152428810724
2024,3,Nan,18.589949748743724
2024,4,Nan,23.51691792294808
2024,5,Nan,23.04489112227806
2024,6,Nan,23.599162479061977
2024,7,Nan,23.18676716917924
2024,8,Nan,22.97269681742044
2024,9,Nan,22.176549413735344
2024,10,Nan,21.25527638190955
2024,11,Nan,17.716080402010054
2024,12,Nan,14.792964824120606
2024,1,Narathiwat,23.448803827751195
2024,2,Narathiwat,23.525358851674643
2024,3,Narathiwat,24.09282296650718
2024,4,Narathiwat,25.19856459330144
2024,5,Narathiwat,25.43397129186604
2024,6,Narathiwat,24.639234449760767
2024,7,Narathiwat,24.53397129186603
2024,8,Narathiwat,23.71148325358852
2024,9,Narathiwat,23.71818181818182
2024,10,Narathiwat,24.166985645933018
2024,11,Narathiwat,23.91435406698565
2024,12,Narathiwat,23.64688995215312
2024,1,Nong Bua Lam Phu,17.01363636363637
2024,2,Nong Bua Lam Phu,19.42474747474748
2024,3,Nong Bua Lam Phu,21.741919191919195
2024,4,Nong Bua Lam Phu,26.473232323232327
2024,5,Nong Bua Lam Phu,25.03939393939394
2024,6,Nong Bua Lam Phu,25.022222222222226
2024,7,Nong Bua Lam Phu,23.7469696969697
2024,8,Nong Bua Lam Phu,24.2449494949495
2024,9,Nong Bua Lam Phu,23.6989898989899
2024,10,Nong Bua Lam Phu,22.41313131313132
2024,11,Nong Bua Lam Phu,19.51111111111112
2024,12,Nong Bua Lam Phu,16.050505050505052
2024,1,Nong Khai,16.46792452830189
2024,2,Nong Khai,18.70943396226416
2024,3,Nong Khai,20.764150943396228
2024,4,Nong Khai,26.115723270440256
2024,5,Nong Khai,25.473584905660378
2024,6,Nong Khai,25.613836477987423
2024,7,Nong Khai,25.216981132075475
2024,8,Nong Khai,25.035849056603777
2024,9,Nong Khai,24.09182389937107
2024,10,Nong Khai,22.459119496855347
2024,11,Nong Khai,19.13584905660377
2024,12,Nong Khai,15.437735849056606
2024,1,Nonthaburi,22.38125
2024,2,Nonthaburi,23.581250000000004
2024,3,Nonthaburi,25.075000000000003
2024,4,Nonthaburi,26.946875
2024,5,Nonthaburi,25.759375
2024,6,Nonthaburi,25.80625
2024,7,Nonthaburi,24.953125000000004
2024,8,Nonthaburi,25.56875
2024,9,Nonthaburi,24.971875000000004
2024,10,Nonthaburi,24.990625
2024,11,Nonthaburi,24.637500000000003
2024,12,Nonthaburi,22.225
2024,1,Pathum Thani,22.234246575342468
2024,2,Pathum Thani,23.476712328767125
2024,3,Pathum Thani,24.738356164383568
2024,4,Pathum Thani,27.089041095890416
2024,5,Pathum Thani,25.868493150684937
2024,6,Pathum Thani,25.9068493150685
2024,7,Pathum Thani,25.02328767123288
2024,8,Pathum Thani,25.71917808219178
2024,9,Pathum Thani,24.94246575342466
2024,10,Pathum Thani,24.9027397260274
2024,11,Pathum Thani,24.34109589041096
2024,12,Pathum Thani,21.817808219178087
2024,1,Pattani,24.34615384615385
2024,2,Pattani,24.552747252747256
2024,3,Pattani,24.95604395604396
2024,4,Pattani,26.053846153846155
2024,5,Pattani,26.11978021978022
2024,6,Pattani,25.55934065934066
2024,7,Pattani,25.15054945054945
2024,8,Pattani,24.16593406593407
2024,9,Pattani,24.100000000000005
2024,10,Pattani,24.610989010989016
2024,11,Pattani,24.238461538461543
2024,12,Pattani,24.187912087912093
2024,1,Phangnga,23.70710659898477
2024,2,Phangnga,23.74365482233503
2024,3,Phangnga,24.45939086294417
2024,4,Phangnga,25.90253807106599
2024,5,Phangnga,25.842131979695434
2024,6,Phangnga,25.17005076142133
2024,7,Phangnga,24.546192893401017
2024,8,Phangnga,24.682233502538075
2024,9,Phangnga,23.839086294416244
2024,10,Phangnga,23.81675126903553
2024,11,Phangnga,23.55786802030457
2024,12,Phangnga,23.089340101522843
2024,1,Phatthalung,24.06
2024,2,Phatthalung,23.90055555555556
2024,3,Phatthalung,24.340000000000003
2024,4,Phatthalung,25.75055555555556
2024,5,Phatthalung,25.563333333333336
2024,6,Phatthalung,24.59611111111112
2024,7,Phatthalung,24.30444444444445
2024,8,Phatthalung,23.99111111111112
2024,9,Phatthalung,23.436666666666667
2024,10,Phatthalung,23.96333333333333
2024,11,Phatthalung,23.87555555555556
2024,12,Phatthalung,23.915000000000003
2024,1,Phayao,14.669180327868856
2024,2,Phayao,15.335081967213116
2024,3,Phayao,19.338360655737706
2024,4,Phayao,24.185573770491807
2024,5,Phayao,23.545573770491806
2024,6,Phayao,23.59803278688525
2024,7,Phayao,23.465901639344267
2024,8,Phayao,22.838688524590168
2024,9,Phayao,22.45639344262296
2024,10,Phayao,21.580655737704923
2024,11,Phayao,18.097049180327872
2024,12,Phayao,15.608196721311478
2024,1,Phetchabun,17.413741721854308
2024,2,Phetchabun,19.753476821192056
2024,3,Phetchabun,21.93013245033113
2024,4,Phetchabun,25.093046357615897
2024,5,Phetchabun,24.124668874172187
2024,6,Phetchabun,24.14403973509934
2024,7,Phetchabun,23.35761589403974
2024,8,Phetchabun,23.808443708609275
2024,9,Phetchabun,23.14486754966888
2024,10,Phetchabun,22.54685430463576
2024,11,Phetchabun,19.786423841059605
2024,12,Phetchabun,17.266721854304638
2024,1,Phetchaburi,21.81342281879195
2024,2,Phetchaburi,23.038590604026847
2024,3,Phetchaburi,24.583892617449667
2024,4,Phetchaburi,26.31275167785235
2024,5,Phetchaburi,25.2010067114094
2024,6,Phetchaburi,24.21107382550336
2024,7,Phetchaburi,23.490268456375844
2024,8,Phetchaburi,24.03255033557048
2024,9,Phetchaburi,23.619463087248324
2024,10,Phetchaburi,23.869463087248324
2024,11,Phetchaburi,22.947315436241613
2024,12,Phetchaburi,21.57885906040269
2024,1,Phichit,20.057009345794395
2024,2,Phichit,22.44766355140188
2024,3,Phichit,24.63457943925233
2024,4,Phichit,27.65794392523365
2024,5,Phichit,25.94906542056075
2024,6,Phichit,25.386448598130844
2024,7,Phichit,24.73411214953272
2024,8,Phichit,25.023831775700938
2024,9,Phichit,24.653271028037384
2024,10,Phichit,24.34672897196262
2024,11,Phichit,22.35093457943925
2024,12,Phichit,20.241121495327103
2024,1,Phitsanulok,17.500982318271124
2024,2,Phitsanulok,19.420235756385072
2024,3,Phitsanulok,21.82809430255403
2024,4,Phitsanulok,25.266208251473483
2024,5,Phitsanulok,24.18487229862476
2024,6,Phitsanulok,24.02259332023576
2024,7,Phitsanulok,23.566404715127703
2024,8,Phitsanulok,23.96168958742633
2024,9,Phitsanulok,23.358349705304523
2024,10,Phitsanulok,22.786051080550106
2024,11,Phitsanulok,20.054616895874265
2024,12,Phitsanulok,17.61375245579568
2024,1,Phra Nakhon Si Ayutthaya,21.83114754098361
2024,2,Phra Nakhon Si Ayutthaya,23.073770491803284
2024,3,Phra Nakhon Si Ayutthaya,24.34262295081968
2024,4,Phra Nakhon Si Ayutthaya,26.73606557377049
2024,5,Phra Nakhon Si Ayutthaya,25.60081967213115
2024,6,Phra Nakhon Si Ayutthaya,25.64918032786885
2024,7,Phra Nakhon Si Ayutthaya,24.641803278688528
2024,8,Phra Nakhon Si Ayutthaya,25.248360655737702
2024,9,Phra Nakhon Si Ayutthaya,24.8155737704918
2024,10,Phra Nakhon Si Ayutthaya,24.828688524590163
2024,11,Phra Nakhon Si Ayutthaya,23.93196721311476
2024,12,Phra Nakhon Si Ayutthaya,21.243442622950823
2024,1,Phrae,15.526708074534165
2024,2,Phrae,16.851552795031058
2024,3,Phrae,20.300621118012423
2024,4,Phrae,24.795962732919257
2024,5,Phrae,23.77826086956522
2024,6,Phrae,23.95590062111801
2024,7,Phrae,23.470186335403728
2024,8,Phrae,23.501242236024847
2024,9,Phrae,22.8804347826087
2024,10,Phrae,22.182608695652178
2024,11,Phrae,18.91987577639752
2024,12,Phrae,15.903726708074537
2024,1,Phuket,24.441666666666663
2024,2,Phuket,24.875
2024,3,Phuket,25.32916666666667
2024,4,Phuket,26.354166666666668
2024,5,Phuket,26.308333333333337
2024,6,Phuket,26.02916666666667
2024,7,Phuket,25.450000000000003
2024,8,Phuket,25.34583333333333
2024,9,Phuket,24.575000000000003
2024,10,Phuket,24.433333333333337
2024,11,Phuket,24.28333333333333
2024,12,Phuket,23.97083333333333
2024,1,Prachin Buri,20.89139344262296
2024,2,Prachin Buri,22.870901639344265
2024,3,Prachin Buri,23.78483606557377
2024,4,Prachin Buri,26.34426229508197
2024,5,Prachin Buri,25.0594262295082
2024,6,Prachin Buri,25.082786885245905
2024,7,Prachin Buri,24.284016393442627
2024,8,Prachin Buri,24.91475409836066
2024,9,Prachin Buri,24.208606557377053
2024,10,Prachin Buri,23.840573770491805
2024,11,Prachin Buri,22.179918032786887
2024,12,Prachin Buri,19.8672131147541
2024,1,Prachuap Khiri Khan,22.4032786885246
2024,2,Prachuap Khiri Khan,23.55737704918033
2024,3,Prachuap Khiri Khan,24.785901639344264
2024,4,Prachuap Khiri Khan,26.6344262295082
2024,5,Prachuap Khiri Khan,25.690163934426234
2024,6,Prachuap Khiri Khan,24.493442622950823
2024,7,Prachuap Khiri Khan,24.015737704918035
2024,8,Prachuap Khiri Khan,24.64918032786885
2024,9,Prachuap Khiri Khan,23.84393442622951
2024,10,Prachuap Khiri Khan,24.160000000000004
2024,11,Prachuap Khiri Khan,23.525245901639348
2024,12,Prachuap Khiri Khan,22.45606557377049
2024,1,Ranong,22.955696202531648
2024,2,Ranong,22.73987341772152
2024,3,Ranong,23.85886075949368
2024,4,Ranong,25.473417721518988
2024,5,Ranong,25.268354430379752
2024,6,Ranong,24.236708860759496
2024,7,Ranong,23.61455696202532
2024,8,Ranong,23.912025316455697
2024,9,Ranong,23.162025316455697
2024,10,Ranong,23.4
2024,11,Ranong,23.175949367088613
2024,12,Ranong,22.11075949367089
2024,1,Ratchaburi,21.2616
2024,2,Ratchaburi,22.571200000000005
2024,3,Ratchaburi,24.2672
2024,4,Ratchaburi,26.060800000000004
2024,5,Ratchaburi,25.248800000000003
2024,6,Ratchaburi,24.300000000000004
2024,7,Ratchaburi,23.700800000000005
2024,8,Ratchaburi,24.1744
2024,9,Ratchaburi,23.875200000000003
2024,10,Ratchaburi,23.975600000000004
2024,11,Ratchaburi,22.7852
2024,12,Ratchaburi,20.822000000000003
2024,1,Rayong,23.28715083798883
2024,2,Rayong,24.43072625698324
2024,3,Rayong,25.559217877094973
2024,4,Rayong,27.58603351955308
2024,5,Rayong,26.525698324022347
2024,6,Rayong,26.39329608938548
2024,7,Rayong,25.208938547486035
2024,8,Rayong,25.483798882681565
2024,9,Rayong,24.90837988826816
2024,10,Rayong,24.137430167597767
2024,11,Rayong,23.387150837988827
2024,12,Rayong,22.04245810055866
2024,1,Roi Et,18.68756613756614
2024,2,Roi Et,21.529629629629635
2024,3,Roi Et,23.49761904761905
2024,4,Roi Et,28.342328042328045
2024,5,Roi Et,25.990740740740744
2024,6,Roi Et,25.78518518518519
2024,7,Roi Et,24.65740740740741
2024,8,Roi Et,25.34021164021164
2024,9,Roi Et,24.58359788359789
2024,10,Roi Et,23.29973544973545
2024,11,Roi Et,20.742328042328047
2024,12,Roi Et,17.832010582010586
2024,1,Sa Kaeo,20.902453987730063
2024,2,Sa Kaeo,23.256748466257672
2024,3,Sa Kaeo,24.302760736196323
2024,4,Sa Kaeo,27.0819018404908
2024,5,Sa Kaeo,25.20306748466258
2024,6,Sa Kaeo,25.335276073619635
2024,7,Sa Kaeo,24.1978527607362
2024,8,Sa Kaeo,25.03773006134969
2024,9,Sa Kaeo,24.35306748466258
2024,10,Sa Kaeo,23.87822085889571
2024,11,Sa Kaeo,22.18466257668712
2024,12,Sa Kaeo,20.01042944785276
2024,1,Sakon Nakhon,16.581209503239744
2024,2,Sakon Nakhon,19.507559395248386
2024,3,Sakon Nakhon,21.07278617710584
2024,4,Sakon Nakhon,26.597192224622034
2024,5,Sakon Nakhon,25.647516198704107
2024,6,Sakon Nakhon,25.681425485961128
2024,7,Sakon Nakhon,25.12181425485961
2024,8,Sakon Nakhon,25.197192224622032
2024,9,Sakon Nakhon,23.96155507559396
2024,10,Sakon Nakhon,22.10712742980562
2024,11,Sakon Nakhon,19.171706263498923
2024,12,Sakon Nakhon,15.724622030237583
2024,1,Samut Prakan,23.84130434782609
2024,2,Samut Prakan,24.697826086956525
2024,3,Samut Prakan,26.18478260869565
2024,4,Samut Prakan,27.83913043478261
2024,5,Samut Prakan,26.60434782608696
2024,6,Samut Prakan,26.41956521739131
2024,7,Samut Prakan,25.473913043478262
2024,8,Samut Prakan,26.05869565217392
2024,9,Samut Prakan,25.31304347826088
2024,10,Samut Prakan,25.208695652173915
2024,11,Samut Prakan,25.050000000000004
2024,12,Samut Prakan,22.719565217391303
2024,1,Samut Sakhon,22.91025641025641
2024,2,Samut Sakhon,24.11282051282052
2024,3,Samut Sakhon,25.3948717948718
2024,4,Samut Sakhon,26.889743589743592
2024,5,Samut Sakhon,26.179487179487182
2024,6,Samut Sakhon,25.9974358974359
2024,7,Samut Sakhon,25.210256410256413
2024,8,Samut Sakhon,25.60512820512821
2024,9,Samut Sakhon,25.13076923076924
2024,10,Samut Sakhon,24.982051282051287
2024,11,Samut Sakhon,24.769230769230774
2024,12,Samut Sakhon,22.53076923076924
2024,1,Samut Songkhram,22.925000000000004
2024,2,Samut Songkhram,24.165
2024,3,Samut Songkhram,25.160000000000004
2024,4,Samut Songkhram,26.40000000000001
2024,5,Samut Songkhram,25.940000000000005
2024,6,Samut Songkhram,25.565000000000005
2024,7,Samut Songkhram,24.815000000000005
2024,8,Samut Songkhram,25.185
2024,9,Samut Songkhram,24.985000000000003
2024,10,Samut Songkhram,24.925000000000004
2024,11,Samut Songkhram,24.495
2024,12,Samut Songkhram,22.485000000000007
2024,1,Saraburi,20.340476190476192
2024,2,Saraburi,22.290476190476195
2024,3,Saraburi,23.79761904761905
2024,4,Saraburi,26.424404761904764
2024,5,Saraburi,25.04345238095238
2024,6,Saraburi,25.02500000000001
2024,7,Saraburi,24.01011904761905
2024,8,Saraburi,24.798809523809528
2024,9,Saraburi,23.96726190476191
2024,10,Saraburi,23.73869047619048
2024,11,Saraburi,22.104166666666668
2024,12,Saraburi,19.643452380952382
2024,1,Satun,23.463636363636365
2024,2,Satun,23.782517482517488
2024,3,Satun,24.2979020979021
2024,4,Satun,25.682517482517486
2024,5,Satun,25.51818181818182
2024,6,Satun,24.720979020979023
2024,7,Satun,24.58531468531469
2024,8,Satun,24.042657342657343
2024,9,Satun,23.72727272727273
2024,10,Satun,23.94895104895105
2024,11,Satun,23.685314685314687
2024,12,Satun,23.7916083916084
2024,1,Si Sa Ket,18.9293023255814
2024,2,Si Sa Ket,21.187209302325584
2024,3,Si Sa Ket,23.59767441860465
2024,4,Si Sa Ket,27.696511627906983
2024,5,Si Sa Ket,25.22209302325582
2024,6,Si Sa Ket,24.559069767441866
2024,7,Si Sa Ket,23.2986046511628
2024,8,Si Sa Ket,24.658139534883727
2024,9,Si Sa Ket,23.990930232558146
2024,10,Si Sa Ket,23.14511627906977
2024,11,Si Sa Ket,21.34209302325582
2024,12,Si Sa Ket,18.775348837209304
2024,1,Sing Buri,21.40731707317073
2024,2,Sing Buri,23.100000000000005
2024,3,Sing Buri,24.60487804878049
2024,4,Sing Buri,27.526829268292687
2024,5,Sing Buri,25.702439024390248
2024,6,Sing Buri,25.339024390243903
2024,7,Sing Buri,24.15365853658537
2024,8,Sing Buri,24.75609756097561
2024,9,Sing Buri,24.551219512195125
2024,10,Sing Buri,24.790243902439027
2024,11,Sing Buri,23.47317073170732
2024,12,Sing Buri,20.56829268292683
2024,1,Songkhla,24.09106145251397
2024,2,Songkhla,24.31759776536313
2024,3,Songkhla,24.85139664804469
2024,4,Songkhla,26.00027932960894
2024,5,Songkhla,25.588547486033523
2024,6,Songkhla,24.733519553072632
2024,7,Songkhla,24.59664804469274
2024,8,Songkhla,23.90279329608939
2024,9,Songkhla,23.602234636871508
2024,10,Songkhla,24.093854748603352
2024,11,Songkhla,23.970670391061457
2024,12,Songkhla,24.081564245810057
2024,1,Sukhothai,18.28773006134969
2024,2,Sukhothai,19.82791411042945
2024,3,Sukhothai,23.14386503067485
2024,4,Sukhothai,26.415644171779142
2024,5,Sukhothai,25.34846625766871
2024,6,Sukhothai,24.70552147239264
2024,7,Sukhothai,24.344785276073623
2024,8,Sukhothai,24.684049079754605
2024,9,Sukhothai,24.17024539877301
2024,10,Sukhothai,23.68343558282209
2024,11,Sukhothai,21.186809815950923
2024,12,Sukhothai,18.90184049079755
2024,1,Suphan Buri,21.273962264150946
2024,2,Suphan Buri,22.58867924528302
2024,3,Suphan Buri,24.51433962264151
2024,4,Suphan Buri,27.073962264150943
2024,5,Suphan Buri,25.29320754716981
2024,6,Suphan Buri,24.71735849056604
2024,7,Suphan Buri,23.955094339622644
2024,8,Suphan Buri,24.67811320754717
2024,9,Suphan Buri,24.506037735849063
2024,10,Suphan Buri,24.69509433962265
2024,11,Suphan Buri,23.425660377358493
2024,12,Suphan Buri,20.898867924528304
2024,1,Surat Thani,23.6096618357488
2024,2,Surat Thani,23.08679549114332
2024,3,Surat Thani,23.76570048309179
2024,4,Surat Thani,25.72818035426732
2024,5,Surat Thani,25.52705314009662
2024,6,Surat Thani,24.6462157809984
2024,7,Surat Thani,23.655877616747183
2024,8,Surat Thani,23.894524959742355
2024,9,Surat Thani,23.43703703703704
2024,10,Surat Thani,23.71143317230274
2024,11,Surat Thani,23.55152979066023
2024,12,Surat Thani,23.009983896940422
2024,1,Surin,18.949647058823533
2024,2,Surin,21.71435294117647
2024,3,Surin,23.69788235294118
2024,4,Surin,27.89458823529412
2024,5,Surin,25.44164705882353
2024,6,Surin,24.96094117647059
2024,7,Surin,23.64164705882353
2024,8,Surin,24.71835294117648
2024,9,Surin,24.030117647058827
2024,10,Surin,23.30941176470588
2024,11,Surin,21.333411764705883
2024,12,Surin,18.41058823529412
2024,1,Tak,15.612868949232588
2024,2,Tak,16.873789846517123
2024,3,Tak,20.30684769775679
2024,4,Tak,23.69657615112161
2024,5,Tak,23.33754427390792
2024,6,Tak,22.39468713105077
2024,7,Tak,22.048996458087373
2024,8,Tak,22.30495867768596
2024,9,Tak,21.816292798110982
2024,10,Tak,21.620188902007087
2024,11,Tak,18.88547815820544
2024,12,Tak,16.74167650531287
2024,1,Trang,23.636986301369863
2024,2,Trang,23.56986301369863
2024,3,Trang,24.21872146118722
2024,4,Trang,25.66164383561644
2024,5,Trang,25.740182648401827
2024,6,Trang,24.8027397260274
2024,7,Trang,24.43013698630137
2024,8,Trang,24.169406392694064
2024,9,Trang,23.69908675799087
2024,10,Trang,23.953881278538816
2024,11,Trang,23.6013698630137
2024,12,Trang,23.586757990867586
2024,1,Trat,22.57887323943662
2024,2,Trat,23.655633802816904
2024,3,Trat,24.89154929577465
2024,4,Trat,26.90352112676057
2024,5,Trat,26.014084507042256
2024,6,Trat,25.030281690140846
2024,7,Trat,24.476760563380285
2024,8,Trat,25.0161971830986
2024,9,Trat,24.416901408450705
2024,10,Trat,23.7274647887324
2024,11,Trat,23.461267605633807
2024,12,Trat,21.932394366197187
2024,1,Ubon Ratchathani,19.10636604774536
2024,2,Ubon Ratchathani,21.46021220159152
2024,3,Ubon Ratchathani,24.375994694960216
2024,4,Ubon Ratchathani,28.534084880636605
2024,5,Ubon Ratchathani,25.96299734748011
2024,6,Ubon Ratchathani,25.04602122015915
2024,7,Ubon Ratchathani,23.98925729442971
2024,8,Ubon Ratchathani,25.02228116710876
2024,9,Ubon Ratchathani,24.30503978779841
2024,10,Ubon Ratchathani,22.8185676392573
2024,11,Ubon Ratchathani,21.151458885941647
2024,12,Ubon Ratchathani,18.72984084880637
2024,1,Udon Thani,17.181818181818183
2024,2,Udon Thani,19.61762523191095
2024,3,Udon Thani,21.63766233766234
2024,4,Udon Thani,26.96011131725417
2024,5,Udon Thani,25.57551020408164
2024,6,Udon Thani,25.57717996289425
2024,7,Udon Thani,24.70055658627088
2024,8,Udon Thani,24.89666048237477
2024,9,Udon Thani,24.036734693877552
2024,10,Udon Thani,22.737847866419298
2024,11,Udon Thani,19.703710575139148
2024,12,Udon Thani,16.213914656771802
2024,1,Uthai Thani,18.9496894409938
2024,2,Uthai Thani,20.883850931677024
2024,3,Uthai Thani,23.36304347826088
2024,4,Uthai Thani,26.25434782608696
2024,5,Uthai Thani,24.57049689440994
2024,6,Uthai Thani,23.627329192546583
2024,7,Uthai Thani,23.244720496894413
2024,8,Uthai Thani,23.64627329192547
2024,9,Uthai Thani,23.464596273291928
2024,10,Uthai Thani,23.381366459627333
2024,11,Uthai Thani,21.097826086956523
2024,12,Uthai Thani,18.94875776397516
2024,1,Uttaradit,16.340561224489797
2024,2,Uttaradit,17.828826530612247
2024,3,Uttaradit,20.69591836734694
2024,4,Uttaradit,24.72091836734694
2024,5,Uttaradit,23.817091836734697
2024,6,Uttaradit,24.1311224489796
2024,7,Uttaradit,23.57397959183674
2024,8,Uttaradit,23.84387755102041
2024,9,Uttaradit,23.024489795918367
2024,10,Uttaradit,22.349744897959184
2024,11,Uttaradit,19.192091836734697
2024,12,Uttaradit,16.32040816326531
2024,1,Yala,22.23744075829384
2024,2,Yala,22.481990521327017
2024,3,Yala,23.314218009478672
2024,4,Yala,24.468720379146923
2024,5,Yala,24.42274881516588
2024,6,Yala,23.492417061611377
2024,7,Yala,23.82369668246445
2024,8,Yala,22.42227488151659
2024,9,Yala,22.34265402843602
2024,10,Yala,22.950710900473936
2024,11,Yala,22.800473933649293
2024,12,Yala,22.455450236966826
2024,1,Yasothon,18.49795918367348
2024,2,Yasothon,21.23928571428572
2024,3,Yasothon,23.53928571428572
2024,4,Yasothon,28.49132653061225
2024,5,Yasothon,25.85051020408164
2024,6,Yasothon,25.383163265306123
2024,7,Yasothon,24.262244897959185
2024,8,Yasothon,25.045408163265307
2024,9,Yasothon,24.327040816326534
2024,10,Yasothon,22.931632653061225
2024,11,Yasothon,20.434693877551023
2024,12,Yasothon,17.501530612244903
