year,month,province,soil
2023,1,Amnat Charoen,97.6553459119497
2023,2,Amnat Charoen,68.25345911949687
2023,3,Amnat Charoen,53.16981132075472
2023,4,Amnat Charoen,43.79685534591196
2023,5,Amnat Charoen,41.030188679245285
2023,6,Amnat Charoen,104.27232704402516
2023,7,Amnat Charoen,235.1094339622641
2023,8,Amnat Charoen,272.2012578616352
2023,9,Amnat Charoen,275.1182389937107
2023,10,Amnat Charoen,263.7974842767296
2023,11,Amnat Charoen,190.17798742138368
2023,12,Amnat Charoen,127.50314465408805
2023,1,Ang Thong,94.09772727272728
2023,2,Ang Thong,67.06136363636364
2023,3,Ang Thong,52.47727272727273
2023,4,Ang Thong,43.31818181818182
2023,5,Ang Thong,36.98181818181818
2023,6,Ang Thong,32.315909090909095
2023,7,Ang Thong,28.88181818181818
2023,8,Ang Thong,25.988636363636363
2023,9,Ang Thong,124.55909090909093
2023,10,Ang Thong,178.87500000000003
2023,11,Ang Thong,148.09545454545457
2023,12,Ang Thong,103.37727272727274
2023,1,Bangkok,149.2671052631579
2023,2,Bangkok,115.575
2023,3,Bangkok,77.8171052631579
2023,4,Bangkok,59.58815789473684
2023,5,Bangkok,48.588157894736845
2023,6,Bangkok,44.61052631578948
2023,7,Bangkok,64.41578947368421
2023,8,Bangkok,55.4671052631579
2023,9,Bangkok,202.67105263157896
2023,10,Bangkok,261.53684210526313
2023,11,Bangkok,226.8421052631579
2023,12,Bangkok,168.36052631578949
2023,1,Bueng Kan,158.65846153846155
2023,2,Bueng Kan,122.41076923076923
2023,3,Bueng Kan,85.1251282051282
2023,4,Bueng Kan,65.42871794871795
2023,5,Bueng Kan,55.36358974358975
2023,6,Bueng Kan,307.6071794871795
2023,7,Bueng Kan,326.428717948718
2023,8,Bueng Kan,326.428717948718
2023,9,Bueng Kan,326.428717948718
2023,10,Bueng Kan,319.6748717948718
2023,11,Bueng Kan,255.51538461538465
2023,12,Bueng Kan,205.11589743589744
2023,1,Buri Ram,96.84607438016528
2023,2,Buri Ram,67.15599173553719
2023,3,Buri Ram,51.61425619834712
2023,4,Buri Ram,42.20123966942149
2023,5,Buri Ram,40.44194214876033
2023,6,Buri Ram,40.96342975206611
2023,7,Buri Ram,88.24628099173555
2023,8,Buri Ram,81.07995867768597
2023,9,Buri Ram,220.9462809917356
2023,10,Buri Ram,226.64772727272728
2023,11,Buri Ram,167.20929752066115
2023,12,Buri Ram,112.69090909090907
2023,1,Chachoengsao,141.14520000000002
2023,2,Chachoengsao,101.2864
2023,3,Chachoengsao,71.24680000000001
2023,4,Chachoengsao,55.612
2023,5,Chachoengsao,47.894400000000005
2023,6,Chachoengsao,47.67360000000001
2023,7,Chachoengsao,99.0024
2023,8,Chachoengsao,96.532
2023,9,Chachoengsao,220.57040000000003
2023,10,Chachoengsao,255.2532
2023,11,Chachoengsao,219.1248
2023,12,Chachoengsao,160.3292
2023,1,Chai Nat,133.0949152542373
2023,2,Chai Nat,101.27118644067797
2023,3,Chai Nat,70.10593220338983
2023,4,Chai Nat,54.51525423728814
2023,5,Chai Nat,44.87457627118645
2023,6,Chai Nat,38.23644067796611
2023,7,Chai Nat,36.16525423728814
2023,8,Chai Nat,31.78983050847458
2023,9,Chai Nat,156.24237288135595
2023,10,Chai Nat,236.84322033898303
2023,11,Chai Nat,190.56016949152544
2023,12,Chai Nat,137.34237288135594
2023,1,Chaiyaphum,68.25853658536586
2023,2,Chaiyaphum,49.17154471544716
2023,3,Chaiyaphum,38.92325203252033
2023,4,Chaiyaphum,32.37560975609756
2023,5,Chaiyaphum,27.846341463414635
2023,6,Chaiyaphum,25.86048780487805
2023,7,Chaiyaphum,23.168943089430897
2023,8,Chaiyaphum,22.579837398373986
2023,9,Chaiyaphum,176.43154471544716
2023,10,Chaiyaphum,183.5411382113821
2023,11,Chaiyaphum,117.87544715447156
2023,12,Chaiyaphum,75.08764227642277
2023,1,Chanthaburi,161.57508305647843
2023,2,Chanthaburi,124.93554817275746
2023,3,Chanthaburi,85.0093023255814
2023,4,Chanthaburi,67.08205980066445
2023,5,Chanthaburi,67.10764119601329
2023,6,Chanthaburi,211.77209302325585
2023,7,Chanthaburi,285.4800664451828
2023,8,Chanthaburi,290.5179401993356
2023,9,Chanthaburi,298.10664451827245
2023,10,Chanthaburi,298.10664451827245
2023,11,Chanthaburi,257.6418604651163
2023,12,Chanthaburi,191.83222591362127
2023,1,Chiang Mai,96.20494958753436
2023,2,Chiang Mai,76.34326306141155
2023,3,Chiang Mai,58.27488542621448
2023,4,Chiang Mai,44.0608615948671
2023,5,Chiang Mai,37.388267644362976
2023,6,Chiang Mai,34.82428964252979
2023,7,Chiang Mai,39.37891842346471
2023,8,Chiang Mai,67.40650779101742
2023,9,Chiang Mai,179.30834097158572
2023,10,Chiang Mai,202.20522456461964
2023,11,Chiang Mai,154.37827681026582
2023,12,Chiang Mai,119.30595783684691
2023,1,Chiang Rai,203.47147766323025
2023,2,Chiang Rai,160.8408934707904
2023,3,Chiang Rai,117.886941580756
2023,4,Chiang Rai,85.68505154639176
2023,5,Chiang Rai,69.17319587628866
2023,6,Chiang Rai,65.61477663230241
2023,7,Chiang Rai,101.0840206185567
2023,8,Chiang Rai,232.4994845360825
2023,9,Chiang Rai,336.7206185567011
2023,10,Chiang Rai,365.1831615120275
2023,11,Chiang Rai,317.7219931271478
2023,12,Chiang Rai,270.59639175257735
2023,1,Chon Buri,126.29285714285714
2023,2,Chon Buri,92.5957142857143
2023,3,Chon Buri,65.83809523809524
2023,4,Chon Buri,51.79428571428572
2023,5,Chon Buri,43.76285714285714
2023,6,Chon Buri,40.01857142857143
2023,7,Chon Buri,78.41857142857144
2023,8,Chon Buri,66.5957142857143
2023,9,Chon Buri,170.01285714285717
2023,10,Chon Buri,245.58380952380955
2023,11,Chon Buri,215.28285714285715
2023,12,Chon Buri,155.22333333333333
2023,1,Chumphon,267.91853146853146
2023,2,Chumphon,226.38076923076923
2023,3,Chumphon,161.1157342657343
2023,4,Chumphon,111.76293706293708
2023,5,Chumphon,94.33146853146854
2023,6,Chumphon,158.16048951048953
2023,7,Chumphon,281.87377622377625
2023,8,Chumphon,288.358041958042
2023,9,Chumphon,330.4723776223776
2023,10,Chumphon,336.0055944055944
2023,11,Chumphon,336.0055944055944
2023,12,Chumphon,306.9881118881119
2023,1,Kalasin,116.25892857142856
2023,2,Kalasin,83.94970238095239
2023,3,Kalasin,62.93184523809524
2023,4,Kalasin,50.85327380952381
2023,5,Kalasin,43.481547619047625
2023,6,Kalasin,81.5672619047619
2023,7,Kalasin,153.12113095238095
2023,8,Kalasin,221.82232142857143
2023,9,Kalasin,299.3101190476191
2023,10,Kalasin,282.1565476190476
2023,11,Kalasin,209.7458333333333
2023,12,Kalasin,149.42380952380952
2023,1,Kamphaeng Phet,131.57207637231505
2023,2,Kamphaeng Phet,93.18973747016706
2023,3,Kamphaeng Phet,67.3147971360382
2023,4,Kamphaeng Phet,52.99570405727924
2023,5,Kamphaeng Phet,44.56252983293556
2023,6,Kamphaeng Phet,39.386873508353226
2023,7,Kamphaeng Phet,47.35011933174224
2023,8,Kamphaeng Phet,46.5854415274463
2023,9,Kamphaeng Phet,269.5680190930788
2023,10,Kamphaeng Phet,284.07088305489265
2023,11,Kamphaeng Phet,227.80334128878283
2023,12,Kamphaeng Phet,170.45059665871122
2023,1,Kanchanaburi,237.3264674493064
2023,2,Kanchanaburi,197.7417289220918
2023,3,Kanchanaburi,146.67470651013875
2023,4,Kanchanaburi,111.47961579509072
2023,5,Kanchanaburi,104.55005336179296
2023,6,Kanchanaburi,160.91664887940237
2023,7,Kanchanaburi,229.58431163287085
2023,8,Kanchanaburi,232.88719316969053
2023,9,Kanchanaburi,355.3637139807897
2023,10,Kanchanaburi,380.8582710779082
2023,11,Kanchanaburi,337.3115261472786
2023,12,Kanchanaburi,277.8120597652081
2023,1,Khon Kaen,79.90346153846154
2023,2,Khon Kaen,56.95250000000001
2023,3,Khon Kaen,44.78211538461539
2023,4,Khon Kaen,37.080000000000005
2023,5,Khon Kaen,32.51634615384615
2023,6,Khon Kaen,38.34019230769231
2023,7,Khon Kaen,42.44923076923077
2023,8,Khon Kaen,40.63923076923077
2023,9,Khon Kaen,207.66788461538465
2023,10,Khon Kaen,200.4530769230769
2023,11,Khon Kaen,135.18942307692308
2023,12,Khon Kaen,86.8146153846154
2023,1,Krabi,218.5255319148936
2023,2,Krabi,154.75021276595746
2023,3,Krabi,90.89659574468084
2023,4,Krabi,64.20255319148936
2023,5,Krabi,67.10723404255319
2023,6,Krabi,83.85063829787235
2023,7,Krabi,192.24468085106383
2023,8,Krabi,255.7187234042553
2023,9,Krabi,255.94255319148937
2023,10,Krabi,255.94255319148937
2023,11,Krabi,255.94255319148937
2023,12,Krabi,218.83744680851063
2023,1,Lampang,41.02071778140294
2023,2,Lampang,31.87438825448613
2023,3,Lampang,26.16199021207177
2023,4,Lampang,22.261827079934747
2023,5,Lampang,19.410603588907016
2023,6,Lampang,17.22838499184339
2023,7,Lampang,15.523980424143556
2023,8,Lampang,23.372756933115824
2023,9,Lampang,138.42283849918437
2023,10,Lampang,155.75709624796085
2023,11,Lampang,100.62659053833606
2023,12,Lampang,71.60897226753671
2023,1,Lamphun,24.9131221719457
2023,2,Lamphun,19.6737556561086
2023,3,Lamphun,16.32262443438914
2023,4,Lamphun,13.983257918552036
2023,5,Lamphun,12.24841628959276
2023,6,Lamphun,10.904524886877828
2023,7,Lamphun,9.83710407239819
2023,8,Lamphun,8.961085972850679
2023,9,Lamphun,105.5343891402715
2023,10,Lamphun,105.5470588235294
2023,11,Lamphun,49.83212669683259
2023,12,Lamphun,31.038914027149325
2023,1,Loei,144.17984644913628
2023,2,Loei,104.96007677543189
2023,3,Loei,75.08023032629559
2023,4,Loei,58.766218809980806
2023,5,Loei,48.58310940499041
2023,6,Loei,48.3696737044146
2023,7,Loei,46.20806142034549
2023,8,Loei,66.22476007677542
2023,9,Loei,254.08310940499044
2023,10,Loei,292.5295585412668
2023,11,Loei,229.4802303262956
2023,12,Loei,177.3667946257198
2023,1,Lop Buri,85.25628930817611
2023,2,Lop Buri,59.8619496855346
2023,3,Lop Buri,46.63333333333334
2023,4,Lop Buri,38.40880503144654
2023,5,Lop Buri,36.44496855345912
2023,6,Lop Buri,34.497484276729566
2023,7,Lop Buri,34.18018867924528
2023,8,Lop Buri,33.32106918238994
2023,9,Lop Buri,202.2053459119497
2023,10,Lop Buri,219.0103773584906
2023,11,Lop Buri,161.3238993710692
2023,12,Lop Buri,107.27955974842769
2023,1,Mae Hong Son,202.79429477020605
2023,2,Mae Hong Son,167.74548335974646
2023,3,Mae Hong Son,130.08494453248812
2023,4,Mae Hong Son,94.32805071315371
2023,5,Mae Hong Son,83.49350237717908
2023,6,Mae Hong Son,94.08462757527734
2023,7,Mae Hong Son,114.7812995245642
2023,8,Mae Hong Son,147.97765451664026
2023,9,Mae Hong Son,282.04976228209193
2023,10,Mae Hong Son,342.002852614897
2023,11,Mae Hong Son,288.40919175911256
2023,12,Mae Hong Son,243.99984152139464
2023,1,Maha Sarakham,82.6419117647059
2023,2,Maha Sarakham,58.92904411764706
2023,3,Maha Sarakham,46.3125
2023,4,Maha Sarakham,38.326470588235296
2023,5,Maha Sarakham,33.47573529411765
2023,6,Maha Sarakham,74.00588235294119
2023,7,Maha Sarakham,99.05110294117648
2023,8,Maha Sarakham,90.00330882352942
2023,9,Maha Sarakham,243.82132352941176
2023,10,Maha Sarakham,224.07830882352943
2023,11,Maha Sarakham,153.4327205882353
2023,12,Maha Sarakham,97.15551470588235
2023,1,Mukdahan,130.6223880597015
2023,2,Mukdahan,91.94776119402984
2023,3,Mukdahan,68.34676616915424
2023,4,Mukdahan,54.87014925373135
2023,5,Mukdahan,49.79054726368159
2023,6,Mukdahan,111.12885572139304
2023,7,Mukdahan,235.3810945273632
2023,8,Mukdahan,312.636815920398
2023,9,Mukdahan,312.636815920398
2023,10,Mukdahan,285.1268656716418
2023,11,Mukdahan,213.63432835820896
2023,12,Mukdahan,155.31442786069653
2023,1,Nakhon Nayok,184.8679245283019
2023,2,Nakhon Nayok,140.6188679245283
2023,3,Nakhon Nayok,95.20754716981132
2023,4,Nakhon Nayok,72.77264150943397
2023,5,Nakhon Nayok,66.30377358490567
2023,6,Nakhon Nayok,60.73018867924529
2023,7,Nakhon Nayok,66.92264150943396
2023,8,Nakhon Nayok,81.51037735849057
2023,9,Nakhon Nayok,258.9877358490566
2023,10,Nakhon Nayok,302.69528301886794
2023,11,Nakhon Nayok,272.17735849056606
2023,12,Nakhon Nayok,215.5424528301887
2023,1,Nakhon Pathom,198.2529411764706
2023,2,Nakhon Pathom,161.63333333333335
2023,3,Nakhon Pathom,110.04411764705884
2023,4,Nakhon Pathom,79.86666666666667
2023,5,Nakhon Pathom,63.339215686274514
2023,6,Nakhon Pathom,55.66666666666666
2023,7,Nakhon Pathom,56.68823529411765
2023,8,Nakhon Pathom,48.07254901960785
2023,9,Nakhon Pathom,144.51568627450982
2023,10,Nakhon Pathom,225.95980392156864
2023,11,Nakhon Pathom,197.71960784313728
2023,12,Nakhon Pathom,153.771568627451
2023,1,Nakhon Phanom,131.481884057971
2023,2,Nakhon Phanom,96.82282608695652
2023,3,Nakhon Phanom,70.69239130434784
2023,4,Nakhon Phanom,56.26195652173914
2023,5,Nakhon Phanom,46.94891304347826
2023,6,Nakhon Phanom,174.41014492753624
2023,7,Nakhon Phanom,306.036231884058
2023,8,Nakhon Phanom,311.4101449275363
2023,9,Nakhon Phanom,311.4101449275363
2023,10,Nakhon Phanom,283.2902173913044
2023,11,Nakhon Phanom,217.28731884057973
2023,12,Nakhon Phanom,163.3231884057971
2023,1,Nakhon Ratchasima,103.19285004965244
2023,2,Nakhon Ratchasima,73.10158887785502
2023,3,Nakhon Ratchasima,54.39602780536247
2023,4,Nakhon Ratchasima,43.8103277060576
2023,5,Nakhon Ratchasima,40.50635551142006
2023,6,Nakhon Ratchasima,35.41767626613704
2023,7,Nakhon Ratchasima,40.58768619662364
2023,8,Nakhon Ratchasima,38.54577954319762
2023,9,Nakhon Ratchasima,174.17795431976168
2023,10,Nakhon Ratchasima,194.53525322740813
2023,11,Nakhon Ratchasima,141.52383316782522
2023,12,Nakhon Ratchasima,97.03892750744788
2023,1,Nakhon Sawan,104.61774891774893
2023,2,Nakhon Sawan,77.4004329004329
2023,3,Nakhon Sawan,56.91753246753247
2023,4,Nakhon Sawan,45.48896103896104
2023,5,Nakhon Sawan,38.79242424242425
2023,6,Nakhon Sawan,34.56558441558442
2023,7,Nakhon Sawan,36.91883116883117
2023,8,Nakhon Sawan,33.07272727272727
2023,9,Nakhon Sawan,215.85086580086585
2023,10,Nakhon Sawan,242.63636363636363
2023,11,Nakhon Sawan,183.91147186147188
2023,12,Nakhon Sawan,129.19372294372295
2023,1,Nakhon Si Thammarat,224.3072340425532
2023,2,Nakhon Si Thammarat,175.08978723404255
2023,3,Nakhon Si Thammarat,102.8804255319149
2023,4,Nakhon Si Thammarat,68.57106382978724
2023,5,Nakhon Si Thammarat,72.55765957446808
2023,6,Nakhon Si Thammarat,66.23276595744682
2023,7,Nakhon Si Thammarat,85.99808510638299
2023,8,Nakhon Si Thammarat,103.1244680851064
2023,9,Nakhon Si Thammarat,183.63106382978725
2023,10,Nakhon Si Thammarat,224.5191489361702
2023,11,Nakhon Si Thammarat,227.0872340425532
2023,12,Nakhon Si Thammarat,224.6544680851064
2023,1,Nan,176.1244556113903
2023,2,Nan,139.6815745393635
2023,3,Nan,107.90452261306532
2023,4,Nan,81.04656616415411
2023,5,Nan,66.16264656616417
2023,6,Nan,60.97721943048577
2023,7,Nan,71.17705192629816
2023,8,Nan,140.64891122278058
2023,9,Nan,268.0743718592965
2023,10,Nan,283.59212730318256
2023,11,Nan,237.3996649916248
2023,12,Nan,199.12328308207705
2023,1,Narathiwat,172.3464114832536
2023,2,Narathiwat,166.05598086124405
2023,3,Narathiwat,109.1617224880383
2023,4,Narathiwat,76.87464114832537
2023,5,Narathiwat,86.1574162679426
2023,6,Narathiwat,126.69234449760766
2023,7,Narathiwat,155.98995215311007
2023,8,Narathiwat,172.16459330143542
2023,9,Narathiwat,172.3464114832536
2023,10,Narathiwat,172.3464114832536
2023,11,Narathiwat,172.3464114832536
2023,12,Narathiwat,172.3464114832536
2023,1,Nong Bua Lam Phu,79.76565656565657
2023,2,Nong Bua Lam Phu,57.17171717171717
2023,3,Nong Bua Lam Phu,45.05454545454546
2023,4,Nong Bua Lam Phu,37.35353535353536
2023,5,Nong Bua Lam Phu,31.97777777777777
2023,6,Nong Bua Lam Phu,36.83131313131313
2023,7,Nong Bua Lam Phu,33.57878787878788
2023,8,Nong Bua Lam Phu,39.21111111111111
2023,9,Nong Bua Lam Phu,211.2757575757576
2023,10,Nong Bua Lam Phu,221.2772727272728
2023,11,Nong Bua Lam Phu,156.92828282828285
2023,12,Nong Bua Lam Phu,105.80858585858589
2023,1,Nong Khai,111.27232704402516
2023,2,Nong Khai,81.04088050314465
2023,3,Nong Khai,60.27106918238994
2023,4,Nong Khai,48.34213836477988
2023,5,Nong Khai,40.58930817610063
2023,6,Nong Khai,181.0245283018868
2023,7,Nong Khai,234.06666666666663
2023,8,Nong Khai,271.91257861635216
2023,9,Nong Khai,279.37106918239
2023,10,Nong Khai,273.3264150943396
2023,11,Nong Khai,207.0798742138365
2023,12,Nong Khai,155.01446540880505
2023,1,Nonthaburi,148.609375
2023,2,Nonthaburi,113.771875
2023,3,Nonthaburi,77.00312500000001
2023,4,Nonthaburi,59.1125
2023,5,Nonthaburi,48.265625
2023,6,Nonthaburi,43.150000000000006
2023,7,Nonthaburi,41.33125
2023,8,Nonthaburi,35.859375
2023,9,Nonthaburi,151.49062500000002
2023,10,Nonthaburi,205.025
2023,11,Nonthaburi,171.8625
2023,12,Nonthaburi,124.646875
2023,1,Pathum Thani,154.97260273972603
2023,2,Pathum Thani,116.15753424657534
2023,3,Pathum Thani,79.47671232876712
2023,4,Pathum Thani,61.19315068493151
2023,5,Pathum Thani,50.07808219178082
2023,6,Pathum Thani,44.62465753424658
2023,7,Pathum Thani,42.12602739726028
2023,8,Pathum Thani,38.782191780821925
2023,9,Pathum Thani,159.23972602739727
2023,10,Pathum Thani,197.56712328767125
2023,11,Pathum Thani,168.36301369863014
2023,12,Pathum Thani,123.69589041095892
2023,1,Pattani,216.69340659340665
2023,2,Pattani,174.0824175824176
2023,3,Pattani,102.56593406593409
2023,4,Pattani,68.91758241758242
2023,5,Pattani,62.03076923076923
2023,6,Pattani,70.9021978021978
2023,7,Pattani,70.25494505494507
2023,8,Pattani,94.01538461538463
2023,9,Pattani,132.62857142857143
2023,10,Pattani,202.3835164835165
2023,11,Pattani,216.69340659340665
2023,12,Pattani,216.69340659340665
2023,1,Phangnga,273.9502538071066
2023,2,Phangnga,220.94771573604064
2023,3,Phangnga,157.06243654822336
2023,4,Phangnga,116.06548223350256
2023,5,Phangnga,202.28274111675128
2023,6,Phangnga,308.8548223350254
2023,7,Phangnga,331.20406091370563
2023,8,Phangnga,332.51269035533
2023,9,Phangnga,332.51269035533
2023,10,Phangnga,332.51269035533
2023,11,Phangnga,332.51269035533
2023,12,Phangnga,289.8335025380711
2023,1,Phatthalung,200.3188888888889
2023,2,Phatthalung,156.4977777777778
2023,3,Phatthalung,85.605
2023,4,Phatthalung,56.60944444444445
2023,5,Phatthalung,47.09666666666666
2023,6,Phatthalung,38.28833333333333
2023,7,Phatthalung,39.28666666666667
2023,8,Phatthalung,41.15166666666667
2023,9,Phatthalung,113.00722222222224
2023,10,Phatthalung,183.7277777777778
2023,11,Phatthalung,200.3188888888889
2023,12,Phatthalung,200.3188888888889
2023,1,Phayao,114.54196721311476
2023,2,Phayao,87.77147540983607
2023,3,Phayao,68.49213114754099
2023,4,Phayao,55.94590163934426
2023,5,Phayao,47.59934426229509
2023,6,Phayao,42.58754098360656
2023,7,Phayao,44.83508196721312
2023,8,Phayao,107.94229508196722
2023,9,Phayao,226.66524590163937
2023,10,Phayao,279.1777049180328
2023,11,Phayao,235.3232786885246
2023,12,Phayao,194.17409836065576
2023,1,Phetchabun,55.5728476821192
2023,2,Phetchabun,41.19221854304636
2023,3,Phetchabun,32.649172185430466
2023,4,Phetchabun,27.234768211920528
2023,5,Phetchabun,23.52897350993377
2023,6,Phetchabun,35.7157284768212
2023,7,Phetchabun,35.41854304635762
2023,8,Phetchabun,46.40480132450331
2023,9,Phetchabun,183.58509933774835
2023,10,Phetchabun,180.8299668874172
2023,11,Phetchabun,112.79735099337748
2023,12,Phetchabun,75.31456953642385
2023,1,Phetchaburi,188.02214765100672
2023,2,Phetchaburi,145.5771812080537
2023,3,Phetchaburi,99.48187919463088
2023,4,Phetchaburi,76.1258389261745
2023,5,Phetchaburi,61.93288590604027
2023,6,Phetchaburi,59.12516778523489
2023,7,Phetchaburi,77.07483221476511
2023,8,Phetchaburi,70.58624161073826
2023,9,Phetchaburi,157.2808724832215
2023,10,Phetchaburi,249.2476510067114
2023,11,Phetchaburi,223.57751677852352
2023,12,Phetchaburi,179.3520134228188
2023,1,Phichit,70.14953271028037
2023,2,Phichit,51.5766355140187
2023,3,Phichit,41.04299065420561
2023,4,Phichit,34.25747663551402
2023,5,Phichit,29.471495327102808
2023,6,Phichit,26.27009345794393
2023,7,Phichit,23.55654205607477
2023,8,Phichit,21.255140186915888
2023,9,Phichit,199.21121495327105
2023,10,Phichit,225.2644859813084
2023,11,Phichit,159.63411214953274
2023,12,Phichit,107.10420560747664
2023,1,Phitsanulok,135.81925343811395
2023,2,Phitsanulok,100.56031434184676
2023,3,Phitsanulok,71.74872298624754
2023,4,Phitsanulok,56.29567779960707
2023,5,Phitsanulok,46.92927308447937
2023,6,Phitsanulok,49.714145383104125
2023,7,Phitsanulok,60.78231827111984
2023,8,Phitsanulok,81.76090373280944
2023,9,Phitsanulok,251.26129666011784
2023,10,Phitsanulok,268.83752455795684
2023,11,Phitsanulok,208.0956777996071
2023,12,Phitsanulok,158.38644400785856
2023,1,Phra Nakhon Si Ayutthaya,119.25409836065572
2023,2,Phra Nakhon Si Ayutthaya,85.28934426229509
2023,3,Phra Nakhon Si Ayutthaya,62.7516393442623
2023,4,Phra Nakhon Si Ayutthaya,50.13196721311476
2023,5,Phra Nakhon Si Ayutthaya,41.959836065573775
2023,6,Phra Nakhon Si Ayutthaya,36.312295081967214
2023,7,Phra Nakhon Si Ayutthaya,32.355737704918035
2023,8,Phra Nakhon Si Ayutthaya,28.999180327868853
2023,9,Phra Nakhon Si Ayutthaya,136.69590163934427
2023,10,Phra Nakhon Si Ayutthaya,174.02459016393442
2023,11,Phra Nakhon Si Ayutthaya,143.99344262295082
2023,12,Phra Nakhon Si Ayutthaya,102.25
2023,1,Phrae,50.00807453416149
2023,2,Phrae,39.103105590062114
2023,3,Phrae,32.292857142857144
2023,4,Phrae,27.577018633540376
2023,5,Phrae,24.10683229813665
2023,6,Phrae,21.4388198757764
2023,7,Phrae,19.31055900621118
2023,8,Phrae,30.441304347826087
2023,9,Phrae,182.5052795031056
2023,10,Phrae,193.6996894409938
2023,11,Phrae,132.5968944099379
2023,12,Phrae,95.34596273291926
2023,1,Phuket,254.35416666666663
2023,2,Phuket,222.2083333333333
2023,3,Phuket,149.47083333333333
2023,4,Phuket,98.99166666666667
2023,5,Phuket,146.42083333333335
2023,6,Phuket,227.9
2023,7,Phuket,308.0291666666667
2023,8,Phuket,308.0291666666667
2023,9,Phuket,308.0291666666667
2023,10,Phuket,308.0291666666667
2023,11,Phuket,308.0291666666667
2023,12,Phuket,250.26666666666668
2023,1,Prachin Buri,215.0110655737705
2023,2,Prachin Buri,165.92786885245903
2023,3,Prachin Buri,112.77909836065577
2023,4,Prachin Buri,86.86229508196722
2023,5,Prachin Buri,79.53852459016395
2023,6,Prachin Buri,76.46393442622951
2023,7,Prachin Buri,108.33032786885246
2023,8,Prachin Buri,128.07131147540983
2023,9,Prachin Buri,314.4225409836066
2023,10,Prachin Buri,365.4319672131148
2023,11,Prachin Buri,331.1918032786885
2023,12,Prachin Buri,268.37131147540987
2023,1,Prachuap Khiri Khan,217.5140983606557
2023,2,Prachuap Khiri Khan,175.74032786885246
2023,3,Prachuap Khiri Khan,127.21573770491804
2023,4,Prachuap Khiri Khan,92.00098360655738
2023,5,Prachuap Khiri Khan,70.65245901639344
2023,6,Prachuap Khiri Khan,71.67901639344262
2023,7,Prachuap Khiri Khan,155.84983606557378
2023,8,Prachuap Khiri Khan,141.18786885245902
2023,9,Prachuap Khiri Khan,202.16
2023,10,Prachuap Khiri Khan,287.5967213114754
2023,11,Prachuap Khiri Khan,285.00590163934424
2023,12,Prachuap Khiri Khan,235.77016393442625
2023,1,Ranong,294.64177215189875
2023,2,Ranong,236.9120253164557
2023,3,Ranong,168.7708860759494
2023,4,Ranong,125.4620253164557
2023,5,Ranong,168.97531645569623
2023,6,Ranong,338.3987341772152
2023,7,Ranong,357.42721518987344
2023,8,Ranong,357.42721518987344
2023,9,Ranong,357.42721518987344
2023,10,Ranong,357.42721518987344
2023,11,Ranong,357.396835443038
2023,12,Ranong,314.6227848101266
2023,1,Ratchaburi,147.0624
2023,2,Ratchaburi,109.6072
2023,3,Ratchaburi,74.6928
2023,4,Ratchaburi,57.0464
2023,5,Ratchaburi,46.4824
2023,6,Ratchaburi,43.4192
2023,7,Ratchaburi,49.1124
2023,8,Ratchaburi,41.921600000000005
2023,9,Ratchaburi,156.93439999999998
2023,10,Ratchaburi,258.0476
2023,11,Ratchaburi,224.9448
2023,12,Ratchaburi,172.634
2023,1,Rayong,165.55474860335198
2023,2,Rayong,131.81284916201116
2023,3,Rayong,89.66536312849162
2023,4,Rayong,69.12960893854749
2023,5,Rayong,59.94636871508381
2023,6,Rayong,85.85251396648044
2023,7,Rayong,191.25921787709493
2023,8,Rayong,183.92234636871507
2023,9,Rayong,265.0324022346369
2023,10,Rayong,312.17988826815645
2023,11,Rayong,273.66703910614524
2023,12,Rayong,206.2290502793296
2023,1,Roi Et,133.18333333333334
2023,2,Roi Et,91.13465608465609
2023,3,Roi Et,67.11957671957673
2023,4,Roi Et,53.644708994709
2023,5,Roi Et,47.0904761904762
2023,6,Roi Et,106.51031746031748
2023,7,Roi Et,183.8505291005291
2023,8,Roi Et,209.1198412698413
2023,9,Roi Et,301.121164021164
2023,10,Roi Et,289.4293650793651
2023,11,Roi Et,214.86164021164024
2023,12,Roi Et,151.1425925925926
2023,1,Sa Kaeo,180.9260736196319
2023,2,Sa Kaeo,134.2196319018405
2023,3,Sa Kaeo,92.4861963190184
2023,4,Sa Kaeo,71.52361963190184
2023,5,Sa Kaeo,68.8159509202454
2023,6,Sa Kaeo,63.80828220858896
2023,7,Sa Kaeo,126.45828220858895
2023,8,Sa Kaeo,128.34509202453987
2023,9,Sa Kaeo,276.58466257668715
2023,10,Sa Kaeo,304.37515337423315
2023,11,Sa Kaeo,264.29509202453994
2023,12,Sa Kaeo,206.8058282208589
2023,1,Sakon Nakhon,79.37429805615551
2023,2,Sakon Nakhon,58.46544276457883
2023,3,Sakon Nakhon,46.29978401727863
2023,4,Sakon Nakhon,38.524406047516194
2023,5,Sakon Nakhon,33.073434125269976
2023,6,Sakon Nakhon,110.42051835853133
2023,7,Sakon Nakhon,206.12008639308857
2023,8,Sakon Nakhon,253.50604751619872
2023,9,Sakon Nakhon,253.73153347732185
2023,10,Sakon Nakhon,228.0200863930885
2023,11,Sakon Nakhon,161.02872570194384
2023,12,Sakon Nakhon,110.23066954643627
2023,1,Samut Prakan,133.2413043478261
2023,2,Samut Prakan,100.63695652173914
2023,3,Samut Prakan,70.1304347826087
2023,4,Samut Prakan,54.52826086956522
2023,5,Samut Prakan,44.845652173913045
2023,6,Samut Prakan,39.482608695652175
2023,7,Samut Prakan,84.71739130434783
2023,8,Samut Prakan,70.30652173913045
2023,9,Samut Prakan,217.3413043478261
2023,10,Samut Prakan,269.2695652173913
2023,11,Samut Prakan,227.58913043478265
2023,12,Samut Prakan,163.52826086956523
2023,1,Samut Sakhon,166.52820512820514
2023,2,Samut Sakhon,131.53076923076924
2023,3,Samut Sakhon,86.35897435897436
2023,4,Samut Sakhon,65.14102564102564
2023,5,Samut Sakhon,52.67435897435898
2023,6,Samut Sakhon,47.67179487179487
2023,7,Samut Sakhon,57.25897435897436
2023,8,Samut Sakhon,47.5
2023,9,Samut Sakhon,155.40769230769232
2023,10,Samut Sakhon,246.4666666666667
2023,11,Samut Sakhon,213.04102564102564
2023,12,Samut Sakhon,159.73076923076923
2023,1,Samut Songkhram,168.78000000000003
2023,2,Samut Songkhram,128.36
2023,3,Samut Songkhram,84.685
2023,4,Samut Songkhram,64.38000000000001
2023,5,Samut Songkhram,52.275
2023,6,Samut Songkhram,45.57000000000001
2023,7,Samut Songkhram,45.215
2023,8,Samut Songkhram,39.055
2023,9,Samut Songkhram,114.555
2023,10,Samut Songkhram,228.66000000000005
2023,11,Samut Songkhram,201.75
2023,12,Samut Songkhram,149.39
2023,1,Saraburi,124.2815476190476
2023,2,Saraburi,87.09166666666667
2023,3,Saraburi,63.78095238095239
2023,4,Saraburi,50.82202380952381
2023,5,Saraburi,62.017857142857146
2023,6,Saraburi,54.0452380952381
2023,7,Saraburi,51.9654761904762
2023,8,Saraburi,48.90476190476191
2023,9,Saraburi,223.51011904761907
2023,10,Saraburi,248.53214285714287
2023,11,Saraburi,202.66071428571428
2023,12,Saraburi,149.3595238095238
2023,1,Satun,233.04055944055943
2023,2,Satun,169.84265734265733
2023,3,Satun,102.63566433566434
2023,4,Satun,82.8965034965035
2023,5,Satun,104.92167832167831
2023,6,Satun,131.86503496503497
2023,7,Satun,185.4496503496504
2023,8,Satun,210.8699300699301
2023,9,Satun,235.42097902097905
2023,10,Satun,235.42097902097905
2023,11,Satun,235.42097902097905
2023,12,Satun,234.65664335664337
2023,1,Si Sa Ket,144.56511627906977
2023,2,Si Sa Ket,97.84883720930232
2023,3,Si Sa Ket,71.28023255813953
2023,4,Si Sa Ket,56.62302325581396
2023,5,Si Sa Ket,64.46302325581397
2023,6,Si Sa Ket,171.07534883720933
2023,7,Si Sa Ket,300.01348837209304
2023,8,Si Sa Ket,303.933023255814
2023,9,Si Sa Ket,310.2867441860466
2023,10,Si Sa Ket,310.26674418604654
2023,11,Si Sa Ket,248.82511627906976
2023,12,Si Sa Ket,180.8146511627907
2023,1,Sing Buri,78.14878048780488
2023,2,Sing Buri,56.53902439024391
2023,3,Sing Buri,44.75609756097562
2023,4,Sing Buri,37.19024390243903
2023,5,Sing Buri,31.88536585365853
2023,6,Sing Buri,27.951219512195124
2023,7,Sing Buri,24.914634146341463
2023,8,Sing Buri,22.478048780487807
2023,9,Sing Buri,143.32439024390246
2023,10,Sing Buri,183.40975609756097
2023,11,Sing Buri,141.26097560975612
2023,12,Sing Buri,93.00731707317074
2023,1,Songkhla,234.0337988826816
2023,2,Songkhla,181.08016759776532
2023,3,Songkhla,111.25614525139666
2023,4,Songkhla,83.26145251396649
2023,5,Songkhla,79.30949720670392
2023,6,Songkhla,84.16843575418996
2023,7,Songkhla,110.9846368715084
2023,8,Songkhla,131.10754189944134
2023,9,Songkhla,164.93491620111732
2023,10,Songkhla,212.181843575419
2023,11,Songkhla,234.1645251396648
2023,12,Songkhla,234.1645251396648
2023,1,Sukhothai,104.51625766871166
2023,2,Sukhothai,74.21656441717792
2023,3,Sukhothai,54.45521472392638
2023,4,Sukhothai,43.41042944785276
2023,5,Sukhothai,36.41226993865031
2023,6,Sukhothai,31.34294478527608
2023,7,Sukhothai,27.72484662576688
2023,8,Sukhothai,24.76104294478528
2023,9,Sukhothai,230.6677914110429
2023,10,Sukhothai,243.0515337423313
2023,11,Sukhothai,180.99601226993863
2023,12,Sukhothai,131.85000000000002
2023,1,Suphan Buri,157.20867924528304
2023,2,Suphan Buri,124.12641509433962
2023,3,Suphan Buri,83.9456603773585
2023,4,Suphan Buri,64.24603773584906
2023,5,Suphan Buri,52.50377358490566
2023,6,Suphan Buri,44.50264150943397
2023,7,Suphan Buri,41.978113207547175
2023,8,Suphan Buri,36.746415094339625
2023,9,Suphan Buri,145.62830188679246
2023,10,Suphan Buri,234.71849056603773
2023,11,Suphan Buri,205.1135849056604
2023,12,Suphan Buri,154.87773584905662
2023,1,Surat Thani,257.4072463768116
2023,2,Surat Thani,201.0967793880837
2023,3,Surat Thani,130.88035426731082
2023,4,Surat Thani,89.7291465378422
2023,5,Surat Thani,93.17777777777778
2023,6,Surat Thani,111.4769726247987
2023,7,Surat Thani,171.3193236714976
2023,8,Surat Thani,188.768115942029
2023,9,Surat Thani,270.17681159420295
2023,10,Surat Thani,288.20144927536234
2023,11,Surat Thani,291.55458937198074
2023,12,Surat Thani,275.894847020934
2023,1,Surin,121.60047058823532
2023,2,Surin,80.90964705882352
2023,3,Surin,60.36894117647059
2023,4,Surin,48.56988235294118
2023,5,Surin,55.22023529411765
2023,6,Surin,111.15529411764706
2023,7,Surin,228.2249411764706
2023,8,Surin,229.3637647058824
2023,9,Surin,278.8849411764706
2023,10,Surin,273.96
2023,11,Surin,209.92070588235296
2023,12,Surin,146.35576470588236
2023,1,Tak,143.98229043683588
2023,2,Tak,117.93069657615112
2023,3,Tak,90.70755608028335
2023,4,Tak,69.13270365997639
2023,5,Tak,68.50129870129871
2023,6,Tak,89.99020070838252
2023,7,Tak,150.11015348288075
2023,8,Tak,185.67957497048403
2023,9,Tak,272.5004722550177
2023,10,Tak,272.5004722550177
2023,11,Tak,218.75430932703665
2023,12,Tak,175.21404958677687
2023,1,Trang,219.6009132420092
2023,2,Trang,153.5123287671233
2023,3,Trang,87.06392694063926
2023,4,Trang,60.99452054794521
2023,5,Trang,61.96118721461188
2023,6,Trang,59.41369863013698
2023,7,Trang,115.93515981735162
2023,8,Trang,182.30593607305937
2023,9,Trang,223.2442922374429
2023,10,Trang,223.25616438356167
2023,11,Trang,223.25616438356167
2023,12,Trang,220.5488584474886
2023,1,Trat,221.2654929577465
2023,2,Trat,176.78380281690144
2023,3,Trat,124.36408450704226
2023,4,Trat,103.31197183098593
2023,5,Trat,95.7549295774648
2023,6,Trat,314.1802816901409
2023,7,Trat,315.37394366197185
2023,8,Trat,315.37394366197185
2023,9,Trat,315.37394366197185
2023,10,Trat,315.37394366197185
2023,11,Trat,279.7028169014085
2023,12,Trat,210.44577464788733
2023,1,Ubon Ratchathani,119.56193633952256
2023,2,Ubon Ratchathani,84.18209549071618
2023,3,Ubon Ratchathani,62.92360742705571
2023,4,Ubon Ratchathani,50.79071618037136
2023,5,Ubon Ratchathani,49.192175066313
2023,6,Ubon Ratchathani,158.76525198938992
2023,7,Ubon Ratchathani,290.14641909814327
2023,8,Ubon Ratchathani,294.2189655172414
2023,9,Ubon Ratchathani,294.9067639257295
2023,10,Ubon Ratchathani,294.04933687002654
2023,11,Ubon Ratchathani,231.8474801061008
2023,12,Ubon Ratchathani,164.66206896551725
2023,1,Udon Thani,72.00166975881262
2023,2,Udon Thani,54.01539888682746
2023,3,Udon Thani,42.45009276437848
2023,4,Udon Thani,35.227829313543594
2023,5,Udon Thani,30.216512059369204
2023,6,Udon Thani,77.60241187384045
2023,7,Udon Thani,131.72282003710575
2023,8,Udon Thani,172.87625231910943
2023,9,Udon Thani,231.83543599257885
2023,10,Udon Thani,225.06586270871983
2023,11,Udon Thani,156.29721706864564
2023,12,Udon Thani,103.93821892393322
2023,1,Uthai Thani,172.47267080745343
2023,2,Uthai Thani,142.90745341614908
2023,3,Uthai Thani,98.01459627329191
2023,4,Uthai Thani,73.34906832298137
2023,5,Uthai Thani,61.90217391304348
2023,6,Uthai Thani,55.936645962732925
2023,7,Uthai Thani,72.02732919254659
2023,8,Uthai Thani,66.294099378882
2023,9,Uthai Thani,283.15900621118016
2023,10,Uthai Thani,314.90124223602487
2023,11,Uthai Thani,267.12298136645967
2023,12,Uthai Thani,208.52080745341613
2023,1,Uttaradit,148.8859693877551
2023,2,Uttaradit,112.13928571428572
2023,3,Uttaradit,81.40127551020409
2023,4,Uttaradit,62.93801020408164
2023,5,Uttaradit,52.113775510204086
2023,6,Uttaradit,47.27678571428572
2023,7,Uttaradit,45.07474489795919
2023,8,Uttaradit,73.90969387755102
2023,9,Uttaradit,241.6428571428572
2023,10,Uttaradit,260.87882653061223
2023,11,Uttaradit,204.1372448979592
2023,12,Uttaradit,158.502806122449
2023,1,Yala,194.2616113744076
2023,2,Yala,181.3009478672986
2023,3,Yala,132.74170616113744
2023,4,Yala,118.8829383886256
2023,5,Yala,126.85355450236968
2023,6,Yala,147.94502369668248
2023,7,Yala,170.78720379146918
2023,8,Yala,186.3592417061612
2023,9,Yala,192.8620853080569
2023,10,Yala,194.2616113744076
2023,11,Yala,194.2616113744076
2023,12,Yala,194.2616113744076
2023,1,Yasothon,133.21275510204083
2023,2,Yasothon,89.575
2023,3,Yasothon,67.01020408163265
2023,4,Yasothon,53.937755102040825
2023,5,Yasothon,50.35510204081633
2023,6,Yasothon,120.57142857142856
2023,7,Yasothon,230.3397959183673
2023,8,Yasothon,278.2933673469388
2023,9,Yasothon,309.1423469387755
2023,10,Yasothon,300.89183673469387
2023,11,Yasothon,225.1668367346939
2023,12,Yasothon,159.91122448979593
