year,month,province,ws
2023,1,Amnat Charoen,2.731446540880503
2023,2,Amnat Charoen,2.1446540880503147
2023,3,Amnat Charoen,2.0226415094339623
2023,4,Amnat Charoen,1.8943396226415088
2023,5,Amnat Charoen,1.5452830188679247
2023,6,Amnat Charoen,1.6295597484276731
2023,7,Amnat Charoen,1.3811320754716985
2023,8,Amnat Charoen,1.8138364779874216
2023,9,Amnat Charoen,1.310062893081761
2023,10,Amnat Charoen,1.3339622641509434
2023,11,Amnat Charoen,1.5729559748427673
2023,12,Amnat Charoen,1.961006289308176
2023,1,Ang Thong,1.5022727272727272
2023,2,Ang Thong,0.9363636363636364
2023,3,Ang Thong,0.9977272727272728
2023,4,Ang Thong,1.1454545454545455
2023,5,Ang Thong,0.6113636363636363
2023,6,Ang Thong,1.2136363636363636
2023,7,Ang Thong,1.2613636363636365
2023,8,Ang Thong,1.4500000000000002
2023,9,Ang Thong,1.0318181818181815
2023,10,Ang Thong,0.6931818181818182
2023,11,Ang Thong,0.7340909090909092
2023,12,Ang Thong,0.925
2023,1,Bangkok,1.7421052631578948
2023,2,Bangkok,1.431578947368421
2023,3,Bangkok,1.3144736842105265
2023,4,Bangkok,1.4171052631578949
2023,5,Bangkok,1.3276315789473685
2023,6,Bangkok,1.4473684210526316
2023,7,Bangkok,1.8960526315789472
2023,8,Bangkok,1.8289473684210529
2023,9,Bangkok,1.4855263157894738
2023,10,Bangkok,1.0776315789473685
2023,11,Bangkok,1.201315789473684
2023,12,Bangkok,1.4986842105263158
2023,1,Bueng Kan,1.702051282051282
2023,2,Bueng Kan,1.790769230769231
2023,3,Bueng Kan,1.7435897435897436
2023,4,Bueng Kan,1.833846153846154
2023,5,Bueng Kan,1.708717948717949
2023,6,Bueng Kan,1.3876923076923078
2023,7,Bueng Kan,1.374871794871795
2023,8,Bueng Kan,1.610769230769231
2023,9,Bueng Kan,1.364102564102564
2023,10,Bueng Kan,1.6471794871794871
2023,11,Bueng Kan,1.1374358974358976
2023,12,Bueng Kan,1.304102564102564
2023,1,Buri Ram,2.393801652892562
2023,2,Buri Ram,1.8927685950413224
2023,3,Buri Ram,1.95206611570248
2023,4,Buri Ram,1.674793388429752
2023,5,Buri Ram,1.3427685950413222
2023,6,Buri Ram,1.5460743801652894
2023,7,Buri Ram,1.5332644628099177
2023,8,Buri Ram,1.853305785123967
2023,9,Buri Ram,1.453305785123967
2023,10,Buri Ram,1.2944214876033058
2023,11,Buri Ram,1.578099173553719
2023,12,Buri Ram,1.7266528925619835
2023,1,Chachoengsao,1.8056
2023,2,Chachoengsao,1.4876
2023,3,Chachoengsao,1.5332
2023,4,Chachoengsao,1.404
2023,5,Chachoengsao,1.1524
2023,6,Chachoengsao,1.4136000000000002
2023,7,Chachoengsao,1.7348
2023,8,Chachoengsao,1.5676
2023,9,Chachoengsao,1.2344000000000002
2023,10,Chachoengsao,0.9428
2023,11,Chachoengsao,1.1008
2023,12,Chachoengsao,1.5072
2023,1,Chai Nat,1.2932203389830508
2023,2,Chai Nat,1.000847457627119
2023,3,Chai Nat,1.097457627118644
2023,4,Chai Nat,1.1016949152542372
2023,5,Chai Nat,0.6661016949152543
2023,6,Chai Nat,1.2355932203389832
2023,7,Chai Nat,1.1559322033898305
2023,8,Chai Nat,1.3601694915254237
2023,9,Chai Nat,1.1898305084745764
2023,10,Chai Nat,0.6864406779661016
2023,11,Chai Nat,0.8686440677966102
2023,12,Chai Nat,0.9983050847457628
2023,1,Chaiyaphum,1.8439024390243903
2023,2,Chaiyaphum,1.6866666666666663
2023,3,Chaiyaphum,1.6700813008130084
2023,4,Chaiyaphum,1.6
2023,5,Chaiyaphum,1.3739837398373984
2023,6,Chaiyaphum,1.4170731707317072
2023,7,Chaiyaphum,1.4416260162601626
2023,8,Chaiyaphum,1.6
2023,9,Chaiyaphum,1.1552845528455284
2023,10,Chaiyaphum,1.0092682926829268
2023,11,Chaiyaphum,1.331219512195122
2023,12,Chaiyaphum,1.5910569105691057
2023,1,Chanthaburi,2.3823920265780734
2023,2,Chanthaburi,1.814950166112957
2023,3,Chanthaburi,1.7431893687707642
2023,4,Chanthaburi,1.703654485049834
2023,5,Chanthaburi,1.4129568106312294
2023,6,Chanthaburi,1.6172757475083055
2023,7,Chanthaburi,1.814950166112957
2023,8,Chanthaburi,1.8548172757475083
2023,9,Chanthaburi,1.6269102990033224
2023,10,Chanthaburi,1.1993355481727574
2023,11,Chanthaburi,1.523920265780731
2023,12,Chanthaburi,1.8538205980066444
2023,1,Chiang Mai,1.06929422548121
2023,2,Chiang Mai,1.117781851512374
2023,3,Chiang Mai,1.234005499541705
2023,4,Chiang Mai,1.3599450045829515
2023,5,Chiang Mai,1.561686526122823
2023,6,Chiang Mai,1.420806599450046
2023,7,Chiang Mai,1.4234647112740606
2023,8,Chiang Mai,1.4884509624197984
2023,9,Chiang Mai,1.0560036663611367
2023,10,Chiang Mai,0.807974335472044
2023,11,Chiang Mai,0.9878093492208982
2023,12,Chiang Mai,0.9384051329055912
2023,1,Chiang Rai,1.2482817869415808
2023,2,Chiang Rai,1.1467353951890034
2023,3,Chiang Rai,1.3006872852233675
2023,4,Chiang Rai,1.5283505154639174
2023,5,Chiang Rai,1.5768041237113404
2023,6,Chiang Rai,1.4769759450171822
2023,7,Chiang Rai,1.4403780068728524
2023,8,Chiang Rai,1.4374570446735395
2023,9,Chiang Rai,1.0893470790378006
2023,10,Chiang Rai,0.8151202749140894
2023,11,Chiang Rai,0.9628865979381442
2023,12,Chiang Rai,0.9975945017182132
2023,1,Chon Buri,2.3604761904761906
2023,2,Chon Buri,1.7561904761904763
2023,3,Chon Buri,1.7104761904761905
2023,4,Chon Buri,1.6523809523809525
2023,5,Chon Buri,1.3166666666666669
2023,6,Chon Buri,1.658095238095238
2023,7,Chon Buri,1.9342857142857144
2023,8,Chon Buri,1.873809523809524
2023,9,Chon Buri,1.6161904761904764
2023,10,Chon Buri,1.1423809523809525
2023,11,Chon Buri,1.3966666666666667
2023,12,Chon Buri,1.7176190476190476
2023,1,Chumphon,2.2213286713286715
2023,2,Chumphon,1.841608391608392
2023,3,Chumphon,1.4132867132867133
2023,4,Chumphon,1.4730769230769232
2023,5,Chumphon,1.8569930069930072
2023,6,Chumphon,1.2888111888111888
2023,7,Chumphon,1.7195804195804196
2023,8,Chumphon,1.6517482517482518
2023,9,Chumphon,1.5423076923076924
2023,10,Chumphon,1.0524475524475525
2023,11,Chumphon,1.1594405594405597
2023,12,Chumphon,1.581118881118881
2023,1,Kalasin,2.0699404761904763
2023,2,Kalasin,1.9372023809523808
2023,3,Kalasin,1.941369047619048
2023,4,Kalasin,1.868154761904762
2023,5,Kalasin,1.5782738095238098
2023,6,Kalasin,1.536309523809524
2023,7,Kalasin,1.343154761904762
2023,8,Kalasin,1.6979166666666667
2023,9,Kalasin,1.3074404761904763
2023,10,Kalasin,1.369047619047619
2023,11,Kalasin,1.5770833333333332
2023,12,Kalasin,1.9324404761904763
2023,1,Kamphaeng Phet,0.9789976133651552
2023,2,Kamphaeng Phet,1.1458233890214795
2023,3,Kamphaeng Phet,1.1162291169451073
2023,4,Kamphaeng Phet,1.173985680190931
2023,5,Kamphaeng Phet,1.3126491646778042
2023,6,Kamphaeng Phet,1.2324582338902148
2023,7,Kamphaeng Phet,1.5742243436754175
2023,8,Kamphaeng Phet,1.2859188544152744
2023,9,Kamphaeng Phet,1.0479713603818617
2023,10,Kamphaeng Phet,0.6976133651551313
2023,11,Kamphaeng Phet,0.8343675417661098
2023,12,Kamphaeng Phet,0.979236276849642
2023,1,Kanchanaburi,1.2607257203842048
2023,2,Kanchanaburi,1.047812166488794
2023,3,Kanchanaburi,1.2318036286019212
2023,4,Kanchanaburi,1.1229455709711846
2023,5,Kanchanaburi,1.448239060832444
2023,6,Kanchanaburi,1.0722518676627537
2023,7,Kanchanaburi,1.4173959445037354
2023,8,Kanchanaburi,1.2924226254002134
2023,9,Kanchanaburi,1.014727854855923
2023,10,Kanchanaburi,0.6616862326574173
2023,11,Kanchanaburi,0.7662753468516542
2023,12,Kanchanaburi,0.9259338313767342
2023,1,Khon Kaen,1.819423076923077
2023,2,Khon Kaen,1.7121153846153847
2023,3,Khon Kaen,1.7196153846153848
2023,4,Khon Kaen,1.7407692307692308
2023,5,Khon Kaen,1.3701923076923077
2023,6,Khon Kaen,1.4363461538461535
2023,7,Khon Kaen,1.3240384615384615
2023,8,Khon Kaen,1.6405769230769232
2023,9,Khon Kaen,1.2765384615384616
2023,10,Khon Kaen,1.115576923076923
2023,11,Khon Kaen,1.4521153846153847
2023,12,Khon Kaen,1.6971153846153846
2023,1,Krabi,1.7574468085106385
2023,2,Krabi,2.15531914893617
2023,3,Krabi,2.060851063829787
2023,4,Krabi,1.688936170212766
2023,5,Krabi,2.016170212765957
2023,6,Krabi,1.78468085106383
2023,7,Krabi,2.3063829787234043
2023,8,Krabi,2.120851063829788
2023,9,Krabi,1.4791489361702128
2023,10,Krabi,1.2153191489361703
2023,11,Krabi,1.534468085106383
2023,12,Krabi,2.12
2023,1,Lampang,1.0505709624796085
2023,2,Lampang,1.0381729200652527
2023,3,Lampang,1.168352365415987
2023,4,Lampang,1.4275693311582385
2023,5,Lampang,1.4261011419249592
2023,6,Lampang,1.5190864600326266
2023,7,Lampang,1.466557911908646
2023,8,Lampang,1.5306688417618273
2023,9,Lampang,1.041272430668842
2023,10,Lampang,0.7752039151712888
2023,11,Lampang,0.9626427406199022
2023,12,Lampang,0.8624796084828712
2023,1,Lamphun,1.0004524886877828
2023,2,Lamphun,1.0149321266968323
2023,3,Lamphun,1.169683257918552
2023,4,Lamphun,1.3230769230769233
2023,5,Lamphun,1.4398190045248869
2023,6,Lamphun,1.386425339366516
2023,7,Lamphun,1.467420814479638
2023,8,Lamphun,1.4493212669683255
2023,9,Lamphun,0.981447963800905
2023,10,Lamphun,0.6723981900452488
2023,11,Lamphun,0.9063348416289592
2023,12,Lamphun,0.8285067873303168
2023,1,Loei,1.3927063339731287
2023,2,Loei,1.579654510556622
2023,3,Loei,1.6833013435700577
2023,4,Loei,1.8408829174664108
2023,5,Loei,1.7276391554702497
2023,6,Loei,1.4967370441458734
2023,7,Loei,1.6385796545105566
2023,8,Loei,1.4948176583493284
2023,9,Loei,1.1368522072936662
2023,10,Loei,1.0825335892514396
2023,11,Loei,1.2107485604606525
2023,12,Loei,1.3380038387715931
2023,1,Lop Buri,1.871069182389937
2023,2,Lop Buri,1.3418238993710692
2023,3,Lop Buri,1.4182389937106918
2023,4,Lop Buri,1.2937106918238994
2023,5,Lop Buri,0.6704402515723271
2023,6,Lop Buri,1.0754716981132075
2023,7,Lop Buri,0.990880503144654
2023,8,Lop Buri,1.4364779874213838
2023,9,Lop Buri,1.158490566037736
2023,10,Lop Buri,0.8808176100628932
2023,11,Lop Buri,1.041509433962264
2023,12,Lop Buri,1.2525157232704405
2023,1,Mae Hong Son,0.9763866877971474
2023,2,Mae Hong Son,1.0806656101426306
2023,3,Mae Hong Son,1.012678288431062
2023,4,Mae Hong Son,1.2229793977812995
2023,5,Mae Hong Son,1.4256735340729
2023,6,Mae Hong Son,1.336608557844691
2023,7,Mae Hong Son,1.3038034865293189
2023,8,Mae Hong Son,1.5175911251980982
2023,9,Mae Hong Son,1.0806656101426306
2023,10,Mae Hong Son,0.8968304278922345
2023,11,Mae Hong Son,1.007448494453249
2023,12,Mae Hong Son,0.8599049128367671
2023,1,Maha Sarakham,2.207720588235294
2023,2,Maha Sarakham,1.903308823529412
2023,3,Maha Sarakham,1.9867647058823528
2023,4,Maha Sarakham,1.7889705882352942
2023,5,Maha Sarakham,1.352573529411765
2023,6,Maha Sarakham,1.4452205882352942
2023,7,Maha Sarakham,1.272426470588235
2023,8,Maha Sarakham,1.7386029411764707
2023,9,Maha Sarakham,1.4029411764705884
2023,10,Maha Sarakham,1.254044117647059
2023,11,Maha Sarakham,1.6599264705882353
2023,12,Maha Sarakham,1.9216911764705884
2023,1,Mukdahan,2.3517412935323385
2023,2,Mukdahan,2.0432835820895523
2023,3,Mukdahan,1.980597014925373
2023,4,Mukdahan,1.9169154228855725
2023,5,Mukdahan,1.6577114427860695
2023,6,Mukdahan,1.6378109452736318
2023,7,Mukdahan,1.2601990049751244
2023,8,Mukdahan,1.7597014925373131
2023,9,Mukdahan,1.2059701492537314
2023,10,Mukdahan,1.2880597014925377
2023,11,Mukdahan,1.5965174129353237
2023,12,Mukdahan,1.8611940298507463
2023,1,Nakhon Nayok,1.4650943396226417
2023,2,Nakhon Nayok,1.2867924528301888
2023,3,Nakhon Nayok,1.2764150943396229
2023,4,Nakhon Nayok,1.2018867924528305
2023,5,Nakhon Nayok,1.009433962264151
2023,6,Nakhon Nayok,1.2254716981132077
2023,7,Nakhon Nayok,1.6141509433962264
2023,8,Nakhon Nayok,1.340566037735849
2023,9,Nakhon Nayok,1.019811320754717
2023,10,Nakhon Nayok,0.8198113207547171
2023,11,Nakhon Nayok,0.9349056603773586
2023,12,Nakhon Nayok,1.191509433962264
2023,1,Nakhon Pathom,1.31078431372549
2023,2,Nakhon Pathom,0.8470588235294119
2023,3,Nakhon Pathom,0.7843137254901961
2023,4,Nakhon Pathom,1.0558823529411765
2023,5,Nakhon Pathom,1.2137254901960783
2023,6,Nakhon Pathom,1.1392156862745098
2023,7,Nakhon Pathom,1.6019607843137256
2023,8,Nakhon Pathom,1.5343137254901962
2023,9,Nakhon Pathom,1.0352941176470587
2023,10,Nakhon Pathom,0.842156862745098
2023,11,Nakhon Pathom,0.8303921568627451
2023,12,Nakhon Pathom,0.9627450980392156
2023,1,Nakhon Phanom,1.6829710144927537
2023,2,Nakhon Phanom,1.6681159420289855
2023,3,Nakhon Phanom,1.8213768115942028
2023,4,Nakhon Phanom,1.8684782608695647
2023,5,Nakhon Phanom,1.7173913043478262
2023,6,Nakhon Phanom,1.5119565217391304
2023,7,Nakhon Phanom,1.2996376811594204
2023,8,Nakhon Phanom,1.6822463768115945
2023,9,Nakhon Phanom,1.3572463768115943
2023,10,Nakhon Phanom,1.4717391304347829
2023,11,Nakhon Phanom,1.2630434782608695
2023,12,Nakhon Phanom,1.6090579710144928
2023,1,Nakhon Ratchasima,2.07656405163853
2023,2,Nakhon Ratchasima,1.6674280039721945
2023,3,Nakhon Ratchasima,1.7781529294935454
2023,4,Nakhon Ratchasima,1.484508440913605
2023,5,Nakhon Ratchasima,1.2241310824230387
2023,6,Nakhon Ratchasima,1.3524329692154915
2023,7,Nakhon Ratchasima,1.4119165839126118
2023,8,Nakhon Ratchasima,1.717974180734856
2023,9,Nakhon Ratchasima,1.2704071499503475
2023,10,Nakhon Ratchasima,1.0882820258192651
2023,11,Nakhon Ratchasima,1.4234359483614698
2023,12,Nakhon Ratchasima,1.6936444885799404
2023,1,Nakhon Sawan,1.2246753246753248
2023,2,Nakhon Sawan,1.1900432900432902
2023,3,Nakhon Sawan,1.1694805194805196
2023,4,Nakhon Sawan,1.2175324675324677
2023,5,Nakhon Sawan,0.8311688311688312
2023,6,Nakhon Sawan,1.0902597402597405
2023,7,Nakhon Sawan,1.1997835497835498
2023,8,Nakhon Sawan,1.3707792207792209
2023,9,Nakhon Sawan,1.2281385281385282
2023,10,Nakhon Sawan,0.7766233766233767
2023,11,Nakhon Sawan,0.8787878787878788
2023,12,Nakhon Sawan,1.0586580086580086
2023,1,Nakhon Si Thammarat,1.407659574468085
2023,2,Nakhon Si Thammarat,1.7740425531914894
2023,3,Nakhon Si Thammarat,1.6189361702127658
2023,4,Nakhon Si Thammarat,1.127659574468085
2023,5,Nakhon Si Thammarat,1.628936170212766
2023,6,Nakhon Si Thammarat,1.3936170212765957
2023,7,Nakhon Si Thammarat,1.828723404255319
2023,8,Nakhon Si Thammarat,1.7427659574468086
2023,9,Nakhon Si Thammarat,1.2508510638297872
2023,10,Nakhon Si Thammarat,0.8476595744680852
2023,11,Nakhon Si Thammarat,1.1461702127659577
2023,12,Nakhon Si Thammarat,1.597659574468085
2023,1,Nan,1.1624790619765497
2023,2,Nan,1.400502512562814
2023,3,Nan,1.3068676716917924
2023,4,Nan,1.8512562814070352
2023,5,Nan,1.726465661641541
2023,6,Nan,1.6154103852596315
2023,7,Nan,1.482747068676717
2023,8,Nan,1.5266331658291457
2023,9,Nan,1.1361809045226132
2023,10,Nan,1.156951423785595
2023,11,Nan,1.1465661641541038
2023,12,Nan,1.1120603015075377
2023,1,Narathiwat,1.69377990430622
2023,2,Narathiwat,2.020574162679426
2023,3,Narathiwat,2.068421052631579
2023,4,Narathiwat,1.4430622009569378
2023,5,Narathiwat,1.7645933014354067
2023,6,Narathiwat,1.6751196172248806
2023,7,Narathiwat,1.9468899521531104
2023,8,Narathiwat,1.867464114832536
2023,9,Narathiwat,1.6133971291866027
2023,10,Narathiwat,1.0760765550239235
2023,11,Narathiwat,1.0669856459330145
2023,12,Narathiwat,1.9784688995215312
2023,1,Nong Bua Lam Phu,1.5676767676767676
2023,2,Nong Bua Lam Phu,1.5954545454545457
2023,3,Nong Bua Lam Phu,1.602525252525253
2023,4,Nong Bua Lam Phu,1.7464646464646465
2023,5,Nong Bua Lam Phu,1.6267676767676769
2023,6,Nong Bua Lam Phu,1.5237373737373736
2023,7,Nong Bua Lam Phu,1.636868686868687
2023,8,Nong Bua Lam Phu,1.4914141414141415
2023,9,Nong Bua Lam Phu,1.213131313131313
2023,10,Nong Bua Lam Phu,1.183838383838384
2023,11,Nong Bua Lam Phu,1.323737373737374
2023,12,Nong Bua Lam Phu,1.5106060606060607
2023,1,Nong Khai,1.5106918238993712
2023,2,Nong Khai,1.7245283018867923
2023,3,Nong Khai,1.7503144654088052
2023,4,Nong Khai,1.848427672955975
2023,5,Nong Khai,1.779245283018868
2023,6,Nong Khai,1.380503144654088
2023,7,Nong Khai,1.6037735849056605
2023,8,Nong Khai,1.4452830188679249
2023,9,Nong Khai,1.3672955974842769
2023,10,Nong Khai,1.6352201257861636
2023,11,Nong Khai,1.380503144654088
2023,12,Nong Khai,1.4723270440251577
2023,1,Nonthaburi,1.38125
2023,2,Nonthaburi,1.00625
2023,3,Nonthaburi,0.8562500000000001
2023,4,Nonthaburi,1.159375
2023,5,Nonthaburi,1.21875
2023,6,Nonthaburi,1.24375
2023,7,Nonthaburi,1.696875
2023,8,Nonthaburi,1.628125
2023,9,Nonthaburi,1.190625
2023,10,Nonthaburi,0.9375
2023,11,Nonthaburi,0.96875
2023,12,Nonthaburi,1.13125
2023,1,Pathum Thani,1.2876712328767124
2023,2,Pathum Thani,1.0219178082191782
2023,3,Pathum Thani,0.863013698630137
2023,4,Pathum Thani,1.173972602739726
2023,5,Pathum Thani,1.0273972602739727
2023,6,Pathum Thani,1.273972602739726
2023,7,Pathum Thani,1.652054794520548
2023,8,Pathum Thani,1.5123287671232877
2023,9,Pathum Thani,1.0534246575342467
2023,10,Pathum Thani,0.8643835616438357
2023,11,Pathum Thani,0.8972602739726028
2023,12,Pathum Thani,1.106849315068493
2023,1,Pattani,1.5285714285714285
2023,2,Pattani,2.2285714285714286
2023,3,Pattani,2.426373626373626
2023,4,Pattani,1.489010989010989
2023,5,Pattani,2.354945054945055
2023,6,Pattani,1.803296703296704
2023,7,Pattani,2.502197802197802
2023,8,Pattani,2.2846153846153845
2023,9,Pattani,1.675824175824176
2023,10,Pattani,0.9758241758241758
2023,11,Pattani,1.3208791208791208
2023,12,Pattani,2.3802197802197806
2023,1,Phangnga,2.014720812182741
2023,2,Phangnga,1.6624365482233503
2023,3,Phangnga,1.8304568527918783
2023,4,Phangnga,1.9441624365482235
2023,5,Phangnga,1.863959390862944
2023,6,Phangnga,1.7142131979695432
2023,7,Phangnga,2.076649746192893
2023,8,Phangnga,1.911167512690356
2023,9,Phangnga,1.6421319796954317
2023,10,Phangnga,1.3238578680203046
2023,11,Phangnga,1.503045685279188
2023,12,Phangnga,1.769035532994924
2023,1,Phatthalung,1.1911111111111112
2023,2,Phatthalung,1.8666666666666667
2023,3,Phatthalung,1.8816666666666664
2023,4,Phatthalung,1.2133333333333334
2023,5,Phatthalung,1.723888888888889
2023,6,Phatthalung,1.2727777777777778
2023,7,Phatthalung,1.961111111111111
2023,8,Phatthalung,1.6411111111111114
2023,9,Phatthalung,0.9888888888888888
2023,10,Phatthalung,0.8322222222222223
2023,11,Phatthalung,1.0961111111111113
2023,12,Phatthalung,1.7094444444444443
2023,1,Phayao,1.078032786885246
2023,2,Phayao,1.2137704918032786
2023,3,Phayao,1.1652459016393444
2023,4,Phayao,1.6691803278688526
2023,5,Phayao,1.4996721311475412
2023,6,Phayao,1.4908196721311475
2023,7,Phayao,1.4065573770491804
2023,8,Phayao,1.4721311475409835
2023,9,Phayao,1.1340983606557378
2023,10,Phayao,0.8954098360655739
2023,11,Phayao,0.9344262295081968
2023,12,Phayao,0.9419672131147542
2023,1,Phetchabun,1.4513245033112585
2023,2,Phetchabun,1.4375827814569535
2023,3,Phetchabun,1.5031456953642384
2023,4,Phetchabun,1.4614238410596028
2023,5,Phetchabun,1.237748344370861
2023,6,Phetchabun,1.3038079470198676
2023,7,Phetchabun,1.4048013245033113
2023,8,Phetchabun,1.409271523178808
2023,9,Phetchabun,1.1334437086092717
2023,10,Phetchabun,0.9370860927152318
2023,11,Phetchabun,1.063245033112583
2023,12,Phetchabun,1.3061258278145695
2023,1,Phetchaburi,1.7859060402684566
2023,2,Phetchaburi,1.3234899328859062
2023,3,Phetchaburi,1.2902684563758389
2023,4,Phetchaburi,1.2741610738255034
2023,5,Phetchaburi,1.5211409395973154
2023,6,Phetchaburi,1.2302013422818792
2023,7,Phetchaburi,1.6006711409395973
2023,8,Phetchaburi,1.4926174496644296
2023,9,Phetchaburi,1.5184563758389262
2023,10,Phetchaburi,0.9553691275167784
2023,11,Phetchaburi,1.167785234899329
2023,12,Phetchaburi,1.4271812080536914
2023,1,Phichit,1.0355140186915888
2023,2,Phichit,1.1799065420560748
2023,3,Phichit,0.9920560747663552
2023,4,Phichit,1.188785046728972
2023,5,Phichit,0.8948598130841121
2023,6,Phichit,1.1462616822429907
2023,7,Phichit,1.419158878504673
2023,8,Phichit,1.220093457943925
2023,9,Phichit,1.2602803738317756
2023,10,Phichit,0.8990654205607477
2023,11,Phichit,0.8210280373831776
2023,12,Phichit,1.0093457943925233
2023,1,Phitsanulok,1.093909626719057
2023,2,Phitsanulok,1.2428290766208252
2023,3,Phitsanulok,1.1915520628683691
2023,4,Phitsanulok,1.419646365422397
2023,5,Phitsanulok,1.2583497053045187
2023,6,Phitsanulok,1.3925343811394892
2023,7,Phitsanulok,1.599803536345776
2023,8,Phitsanulok,1.4094302554027505
2023,9,Phitsanulok,1.1235756385068765
2023,10,Phitsanulok,1.030255402750491
2023,11,Phitsanulok,0.9964636542239688
2023,12,Phitsanulok,1.0322200392927308
2023,1,Phra Nakhon Si Ayutthaya,1.4237704918032787
2023,2,Phra Nakhon Si Ayutthaya,0.9295081967213116
2023,3,Phra Nakhon Si Ayutthaya,0.9139344262295082
2023,4,Phra Nakhon Si Ayutthaya,1.1754098360655738
2023,5,Phra Nakhon Si Ayutthaya,0.7680327868852459
2023,6,Phra Nakhon Si Ayutthaya,1.178688524590164
2023,7,Phra Nakhon Si Ayutthaya,1.4213114754098362
2023,8,Phra Nakhon Si Ayutthaya,1.4295081967213117
2023,9,Phra Nakhon Si Ayutthaya,1.00327868852459
2023,10,Phra Nakhon Si Ayutthaya,0.7163934426229509
2023,11,Phra Nakhon Si Ayutthaya,0.8352459016393443
2023,12,Phra Nakhon Si Ayutthaya,0.9081967213114754
2023,1,Phrae,1.0729813664596273
2023,2,Phrae,1.1928571428571428
2023,3,Phrae,1.1475155279503106
2023,4,Phrae,1.585714285714286
2023,5,Phrae,1.3909937888198758
2023,6,Phrae,1.4652173913043478
2023,7,Phrae,1.393167701863354
2023,8,Phrae,1.5714285714285714
2023,9,Phrae,1.0596273291925469
2023,10,Phrae,0.9642857142857144
2023,11,Phrae,1.0484472049689442
2023,12,Phrae,0.9403726708074536
2023,1,Phuket,1.7916666666666667
2023,2,Phuket,2.2833333333333337
2023,3,Phuket,2.591666666666667
2023,4,Phuket,2.379166666666667
2023,5,Phuket,2.3625000000000003
2023,6,Phuket,1.9666666666666668
2023,7,Phuket,2.825
2023,8,Phuket,2.2208333333333337
2023,9,Phuket,1.4416666666666669
2023,10,Phuket,1.3500000000000003
2023,11,Phuket,1.6083333333333334
2023,12,Phuket,1.8
2023,1,Prachin Buri,1.819672131147541
2023,2,Prachin Buri,1.5520491803278689
2023,3,Prachin Buri,1.517622950819672
2023,4,Prachin Buri,1.2487704918032787
2023,5,Prachin Buri,1.1122950819672133
2023,6,Prachin Buri,1.267622950819672
2023,7,Prachin Buri,1.6139344262295083
2023,8,Prachin Buri,1.387704918032787
2023,9,Prachin Buri,1.085655737704918
2023,10,Prachin Buri,0.8795081967213114
2023,11,Prachin Buri,1.062704918032787
2023,12,Prachin Buri,1.371311475409836
2023,1,Prachuap Khiri Khan,2.3206557377049184
2023,2,Prachuap Khiri Khan,1.71672131147541
2023,3,Prachuap Khiri Khan,1.2836065573770492
2023,4,Prachuap Khiri Khan,1.4563934426229508
2023,5,Prachuap Khiri Khan,1.7436065573770494
2023,6,Prachuap Khiri Khan,1.396065573770492
2023,7,Prachuap Khiri Khan,1.6262295081967213
2023,8,Prachuap Khiri Khan,1.701639344262295
2023,9,Prachuap Khiri Khan,1.7642622950819673
2023,10,Prachuap Khiri Khan,1.0377049180327869
2023,11,Prachuap Khiri Khan,1.1875409836065574
2023,12,Prachuap Khiri Khan,1.6944262295081969
2023,1,Ranong,2.017088607594937
2023,2,Ranong,1.979746835443038
2023,3,Ranong,1.8265822784810128
2023,4,Ranong,1.6436708860759492
2023,5,Ranong,1.8202531645569624
2023,6,Ranong,1.4310126582278482
2023,7,Ranong,1.8170886075949368
2023,8,Ranong,1.6664556962025316
2023,9,Ranong,1.6563291139240506
2023,10,Ranong,1.1417721518987345
2023,11,Ranong,1.3537974683544305
2023,12,Ranong,1.7183544303797469
2023,1,Ratchaburi,1.4664
2023,2,Ratchaburi,1.0572
2023,3,Ratchaburi,1.0116
2023,4,Ratchaburi,1.1568
2023,5,Ratchaburi,1.3656
2023,6,Ratchaburi,1.0016
2023,7,Ratchaburi,1.5292
2023,8,Ratchaburi,1.4388
2023,9,Ratchaburi,1.2392
2023,10,Ratchaburi,0.8744000000000001
2023,11,Ratchaburi,0.8596
2023,12,Ratchaburi,1.062
2023,1,Rayong,2.5245810055865925
2023,2,Rayong,1.8899441340782124
2023,3,Rayong,1.7368715083798885
2023,4,Rayong,1.758659217877095
2023,5,Rayong,1.3575418994413408
2023,6,Rayong,1.7787709497206703
2023,7,Rayong,2.0139664804469275
2023,8,Rayong,2.0078212290502795
2023,9,Rayong,1.8586592178770949
2023,10,Rayong,1.216201117318436
2023,11,Rayong,1.541899441340782
2023,12,Rayong,1.825139664804469
2023,1,Roi Et,2.3981481481481484
2023,2,Roi Et,2.07010582010582
2023,3,Roi Et,2.056613756613757
2023,4,Roi Et,1.8050264550264552
2023,5,Roi Et,1.4283068783068782
2023,6,Roi Et,1.6113756613756614
2023,7,Roi Et,1.443915343915344
2023,8,Roi Et,1.802910052910053
2023,9,Roi Et,1.4145502645502648
2023,10,Roi Et,1.4775132275132274
2023,11,Roi Et,1.6478835978835975
2023,12,Roi Et,2.0330687830687832
2023,1,Sa Kaeo,2.088650306748466
2023,2,Sa Kaeo,1.616871165644172
2023,3,Sa Kaeo,1.6978527607361964
2023,4,Sa Kaeo,1.4644171779141106
2023,5,Sa Kaeo,1.198159509202454
2023,6,Sa Kaeo,1.3656441717791412
2023,7,Sa Kaeo,1.5579754601226994
2023,8,Sa Kaeo,1.551840490797546
2023,9,Sa Kaeo,1.2312883435582822
2023,10,Sa Kaeo,0.9858895705521472
2023,11,Sa Kaeo,1.083435582822086
2023,12,Sa Kaeo,1.4208588957055217
2023,1,Sakon Nakhon,1.7922246220302378
2023,2,Sakon Nakhon,1.7816414686825053
2023,3,Sakon Nakhon,1.868682505399568
2023,4,Sakon Nakhon,1.900647948164147
2023,5,Sakon Nakhon,1.772354211663067
2023,6,Sakon Nakhon,1.5064794816414686
2023,7,Sakon Nakhon,1.3704103671706265
2023,8,Sakon Nakhon,1.7295896328293736
2023,9,Sakon Nakhon,1.4170626349892008
2023,10,Sakon Nakhon,1.6244060475161988
2023,11,Sakon Nakhon,1.4565874730021595
2023,12,Sakon Nakhon,1.6818574514038878
2023,1,Samut Prakan,2.073913043478261
2023,2,Samut Prakan,1.7391304347826086
2023,3,Samut Prakan,1.6173913043478263
2023,4,Samut Prakan,1.7065217391304348
2023,5,Samut Prakan,1.6173913043478263
2023,6,Samut Prakan,1.797826086956522
2023,7,Samut Prakan,2.143478260869565
2023,8,Samut Prakan,2.132608695652174
2023,9,Samut Prakan,1.8195652173913044
2023,10,Samut Prakan,1.3043478260869563
2023,11,Samut Prakan,1.6608695652173917
2023,12,Samut Prakan,1.9
2023,1,Samut Sakhon,1.8128205128205128
2023,2,Samut Sakhon,1.3256410256410258
2023,3,Samut Sakhon,1.3153846153846156
2023,4,Samut Sakhon,1.3717948717948718
2023,5,Samut Sakhon,1.6923076923076923
2023,6,Samut Sakhon,1.6102564102564103
2023,7,Samut Sakhon,2.1974358974358976
2023,8,Samut Sakhon,2.046153846153846
2023,9,Samut Sakhon,1.7102564102564104
2023,10,Samut Sakhon,1.3282051282051284
2023,11,Samut Sakhon,1.4153846153846157
2023,12,Samut Sakhon,1.6076923076923078
2023,1,Samut Songkhram,1.78
2023,2,Samut Songkhram,1.39
2023,3,Samut Songkhram,1.485
2023,4,Samut Songkhram,1.605
2023,5,Samut Songkhram,1.8400000000000003
2023,6,Samut Songkhram,1.655
2023,7,Samut Songkhram,2.165
2023,8,Samut Songkhram,2.035
2023,9,Samut Songkhram,1.685
2023,10,Samut Songkhram,1.395
2023,11,Samut Songkhram,1.455
2023,12,Samut Songkhram,1.72
2023,1,Saraburi,1.8333333333333333
2023,2,Saraburi,1.2410714285714286
2023,3,Saraburi,1.244047619047619
2023,4,Saraburi,1.2880952380952382
2023,5,Saraburi,0.7279761904761904
2023,6,Saraburi,1.1327380952380952
2023,7,Saraburi,1.2321428571428572
2023,8,Saraburi,1.4279761904761905
2023,9,Saraburi,1.0922619047619049
2023,10,Saraburi,0.8404761904761906
2023,11,Saraburi,1.0523809523809524
2023,12,Saraburi,1.1285714285714286
2023,1,Satun,1.846853146853147
2023,2,Satun,2.7405594405594407
2023,3,Satun,2.620979020979021
2023,4,Satun,1.872027972027972
2023,5,Satun,2.148951048951049
2023,6,Satun,1.827972027972028
2023,7,Satun,2.4426573426573426
2023,8,Satun,2.007692307692308
2023,9,Satun,1.5587412587412588
2023,10,Satun,1.298601398601399
2023,11,Satun,1.5272727272727271
2023,12,Satun,2.3615384615384616
2023,1,Si Sa Ket,2.5553488372093023
2023,2,Si Sa Ket,2.081395348837209
2023,3,Si Sa Ket,1.900232558139535
2023,4,Si Sa Ket,1.8730232558139537
2023,5,Si Sa Ket,1.441860465116279
2023,6,Si Sa Ket,1.6232558139534885
2023,7,Si Sa Ket,1.4676744186046513
2023,8,Si Sa Ket,1.836046511627907
2023,9,Si Sa Ket,1.619767441860465
2023,10,Si Sa Ket,1.3881395348837209
2023,11,Si Sa Ket,1.499767441860465
2023,12,Si Sa Ket,1.8772093023255816
2023,1,Sing Buri,1.475609756097561
2023,2,Sing Buri,0.9878048780487804
2023,3,Sing Buri,1.173170731707317
2023,4,Sing Buri,1.1560975609756097
2023,5,Sing Buri,0.575609756097561
2023,6,Sing Buri,1.2365853658536583
2023,7,Sing Buri,1.1829268292682926
2023,8,Sing Buri,1.4219512195121953
2023,9,Sing Buri,1.0975609756097562
2023,10,Sing Buri,0.7243902439024391
2023,11,Sing Buri,0.8024390243902438
2023,12,Sing Buri,1.0097560975609756
2023,1,Songkhla,1.2916201117318438
2023,2,Songkhla,2.1558659217877096
2023,3,Songkhla,2.259217877094972
2023,4,Songkhla,1.506703910614525
2023,5,Songkhla,1.976256983240224
2023,6,Songkhla,1.592458100558659
2023,7,Songkhla,2.0458100558659216
2023,8,Songkhla,1.858100558659218
2023,9,Songkhla,1.3899441340782124
2023,10,Songkhla,1.0243016759776535
2023,11,Songkhla,1.264245810055866
2023,12,Songkhla,1.921787709497207
2023,1,Sukhothai,1.0441717791411045
2023,2,Sukhothai,1.177914110429448
2023,3,Sukhothai,1.1193251533742332
2023,4,Sukhothai,1.3273006134969327
2023,5,Sukhothai,1.3493865030674848
2023,6,Sukhothai,1.51840490797546
2023,7,Sukhothai,1.5809815950920243
2023,8,Sukhothai,1.6929447852760735
2023,9,Sukhothai,1.0273006134969327
2023,10,Sukhothai,0.7549079754601228
2023,11,Sukhothai,0.8300613496932516
2023,12,Sukhothai,0.8230061349693252
2023,1,Suphan Buri,1.408679245283019
2023,2,Suphan Buri,0.9479245283018868
2023,3,Suphan Buri,1.0637735849056604
2023,4,Suphan Buri,1.0566037735849056
2023,5,Suphan Buri,0.9083018867924528
2023,6,Suphan Buri,1.1630188679245284
2023,7,Suphan Buri,1.238867924528302
2023,8,Suphan Buri,1.4683018867924529
2023,9,Suphan Buri,1.058490566037736
2023,10,Suphan Buri,0.649811320754717
2023,11,Suphan Buri,0.8241509433962264
2023,12,Suphan Buri,0.9328301886792454
2023,1,Surat Thani,1.8942028985507249
2023,2,Surat Thani,1.767793880837359
2023,3,Surat Thani,1.507890499194847
2023,4,Surat Thani,1.2347826086956524
2023,5,Surat Thani,1.5238325281803544
2023,6,Surat Thani,1.3753623188405797
2023,7,Surat Thani,1.7465378421900164
2023,8,Surat Thani,1.705475040257649
2023,9,Surat Thani,1.3940418679549116
2023,10,Surat Thani,0.9178743961352656
2023,11,Surat Thani,1.2140096618357488
2023,12,Surat Thani,1.62512077294686
2023,1,Surin,2.5336470588235294
2023,2,Surin,2.081176470588235
2023,3,Surin,1.992235294117647
2023,4,Surin,1.8574117647058823
2023,5,Surin,1.3781176470588237
2023,6,Surin,1.6771764705882353
2023,7,Surin,1.452705882352941
2023,8,Surin,1.8442352941176472
2023,9,Surin,1.6103529411764703
2023,10,Surin,1.420235294117647
2023,11,Surin,1.4929411764705882
2023,12,Surin,1.844470588235294
2023,1,Tak,1.1020070838252656
2023,2,Tak,1.0795749704840614
2023,3,Tak,1.1554899645808738
2023,4,Tak,1.2377804014167653
2023,5,Tak,1.5284533648170011
2023,6,Tak,1.2331759149940968
2023,7,Tak,1.4532467532467537
2023,8,Tak,1.4436835891381343
2023,9,Tak,0.8987012987012988
2023,10,Tak,0.6314049586776859
2023,11,Tak,0.8337662337662338
2023,12,Tak,0.8659976387249114
2023,1,Trang,1.5210045662100458
2023,2,Trang,2.373972602739726
2023,3,Trang,2.204109589041096
2023,4,Trang,1.6447488584474883
2023,5,Trang,1.991780821917808
2023,6,Trang,1.494977168949772
2023,7,Trang,2.2534246575342465
2023,8,Trang,1.8712328767123287
2023,9,Trang,1.265296803652968
2023,10,Trang,1.2004566210045664
2023,11,Trang,1.3593607305936073
2023,12,Trang,2.051598173515982
2023,1,Trat,2.9774647887323944
2023,2,Trat,2.1901408450704225
2023,3,Trat,2.0359154929577468
2023,4,Trat,1.953521126760564
2023,5,Trat,1.7070422535211267
2023,6,Trat,1.7985915492957747
2023,7,Trat,2.2436619718309863
2023,8,Trat,2.191549295774648
2023,9,Trat,2.066197183098592
2023,10,Trat,1.4288732394366197
2023,11,Trat,1.840845070422536
2023,12,Trat,2.115492957746479
2023,1,Ubon Ratchathani,2.714323607427056
2023,2,Ubon Ratchathani,2.153050397877984
2023,3,Ubon Ratchathani,1.9324933687002648
2023,4,Ubon Ratchathani,1.9151193633952253
2023,5,Ubon Ratchathani,1.5840848806366048
2023,6,Ubon Ratchathani,1.6372679045092835
2023,7,Ubon Ratchathani,1.513793103448276
2023,8,Ubon Ratchathani,1.7435013262599468
2023,9,Ubon Ratchathani,1.5592838196286474
2023,10,Ubon Ratchathani,1.3855437665782493
2023,11,Ubon Ratchathani,1.4285145888594166
2023,12,Ubon Ratchathani,1.886870026525199
2023,1,Udon Thani,1.688126159554731
2023,2,Udon Thani,1.7421150278293136
2023,3,Udon Thani,1.7530612244897958
2023,4,Udon Thani,1.8397031539888684
2023,5,Udon Thani,1.6866419294990724
2023,6,Udon Thani,1.489239332096475
2023,7,Udon Thani,1.561595547309833
2023,8,Udon Thani,1.5443413729128015
2023,9,Udon Thani,1.27847866419295
2023,10,Udon Thani,1.406864564007421
2023,11,Udon Thani,1.4398886827458257
2023,12,Udon Thani,1.65139146567718
2023,1,Uthai Thani,1.1
2023,2,Uthai Thani,1.0065217391304349
2023,3,Uthai Thani,1.1217391304347826
2023,4,Uthai Thani,1.0801242236024846
2023,5,Uthai Thani,1.3074534161490683
2023,6,Uthai Thani,1.2953416149068324
2023,7,Uthai Thani,1.4086956521739131
2023,8,Uthai Thani,1.4366459627329191
2023,9,Uthai Thani,1.0944099378881988
2023,10,Uthai Thani,0.7490683229813665
2023,11,Uthai Thani,0.8885093167701864
2023,12,Uthai Thani,1.025776397515528
2023,1,Uttaradit,1.1068877551020408
2023,2,Uttaradit,1.3326530612244898
2023,3,Uttaradit,1.2821428571428573
2023,4,Uttaradit,1.6135204081632653
2023,5,Uttaradit,1.4267857142857143
2023,6,Uttaradit,1.460204081632653
2023,7,Uttaradit,1.4229591836734696
2023,8,Uttaradit,1.6410714285714287
2023,9,Uttaradit,1.0737244897959184
2023,10,Uttaradit,1.0823979591836734
2023,11,Uttaradit,1.039795918367347
2023,12,Uttaradit,1.0375
2023,1,Yala,1.2203791469194314
2023,2,Yala,1.8345971563981045
2023,3,Yala,1.85829383886256
2023,4,Yala,1.3753554502369671
2023,5,Yala,1.628436018957346
2023,6,Yala,1.371090047393365
2023,7,Yala,1.6625592417061612
2023,8,Yala,1.567298578199052
2023,9,Yala,1.2601895734597155
2023,10,Yala,0.919431279620853
2023,11,Yala,0.943127962085308
2023,12,Yala,1.4459715639810429
2023,1,Yasothon,2.599489795918368
2023,2,Yasothon,2.1020408163265305
2023,3,Yasothon,1.9887755102040816
2023,4,Yasothon,1.85
2023,5,Yasothon,1.48265306122449
2023,6,Yasothon,1.646938775510204
2023,7,Yasothon,1.43265306122449
2023,8,Yasothon,1.7964285714285717
2023,9,Yasothon,1.3418367346938775
2023,10,Yasothon,1.4433673469387758
2023,11,Yasothon,1.5872448979591838
2023,12,Yasothon,2.0158163265306124
